-- MySQL dump 10.13  Distrib 5.5.42, for Linux (x86_64)
--
-- Host: localhost    Database: cetsheal_cets
-- ------------------------------------------------------
-- Server version	5.5.42-cll

/*!40101 SET @OLD_CHARACTER_SET_CLIENT=@@CHARACTER_SET_CLIENT */;
/*!40101 SET @OLD_CHARACTER_SET_RESULTS=@@CHARACTER_SET_RESULTS */;
/*!40101 SET @OLD_COLLATION_CONNECTION=@@COLLATION_CONNECTION */;
/*!40101 SET NAMES utf8 */;
/*!40103 SET @OLD_TIME_ZONE=@@TIME_ZONE */;
/*!40103 SET TIME_ZONE='+00:00' */;
/*!40014 SET @OLD_UNIQUE_CHECKS=@@UNIQUE_CHECKS, UNIQUE_CHECKS=0 */;
/*!40014 SET @OLD_FOREIGN_KEY_CHECKS=@@FOREIGN_KEY_CHECKS, FOREIGN_KEY_CHECKS=0 */;
/*!40101 SET @OLD_SQL_MODE=@@SQL_MODE, SQL_MODE='NO_AUTO_VALUE_ON_ZERO' */;
/*!40111 SET @OLD_SQL_NOTES=@@SQL_NOTES, SQL_NOTES=0 */;

--
-- Table structure for table `audit_deltas`
--

DROP TABLE IF EXISTS `audit_deltas`;
/*!40101 SET @saved_cs_client     = @@character_set_client */;
/*!40101 SET character_set_client = utf8 */;
CREATE TABLE `audit_deltas` (
  `id` varchar(36) NOT NULL,
  `audit_id` varchar(36) NOT NULL,
  `property_name` varchar(255) NOT NULL,
  `old_value` text,
  `new_value` text,
  PRIMARY KEY (`id`),
  KEY `audit_id` (`audit_id`)
) ENGINE=InnoDB DEFAULT CHARSET=utf8;
/*!40101 SET character_set_client = @saved_cs_client */;

--
-- Dumping data for table `audit_deltas`
--

LOCK TABLES `audit_deltas` WRITE;
/*!40000 ALTER TABLE `audit_deltas` DISABLE KEYS */;
INSERT INTO `audit_deltas` (`id`, `audit_id`, `property_name`, `old_value`, `new_value`) VALUES ('5458fccf-05f8-4718-85a9-1ab2482e8bc2','5458fccf-e3d8-463c-a0b7-1ab2482e8bc2','outstanding','100','0'),('5458fccf-7318-4c9b-aa43-1ab2482e8bc2','5458fccf-e3d8-463c-a0b7-1ab2482e8bc2','voucher_no',NULL,'879'),('5458fccf-94f8-4cf1-afb0-1ab2482e8bc2','5458fccf-e3d8-463c-a0b7-1ab2482e8bc2','cheque_no','','3577-7845-859'),('5458fcd0-5cac-40b3-b1f4-1ab2482e8bc2','5458fccf-e3d8-463c-a0b7-1ab2482e8bc2','paid_amount','0','100'),('5458fcd0-65c0-44ab-ad9d-1ab2482e8bc2','5458fccf-e3d8-463c-a0b7-1ab2482e8bc2','payment_status','not paid','paid'),('5458fcd0-f5dc-4118-9086-1ab2482e8bc2','5458fccf-e3d8-463c-a0b7-1ab2482e8bc2','paid','0000-00-00 00:00:00','2014-11-04 11:20:31'),('5458fea9-1688-40e6-819d-2db8482e8bc2','5458fea9-1918-4965-b4b0-2db8482e8bc2','voucher_no',NULL,'2325'),('5458fea9-39d4-4330-b06c-2db8482e8bc2','5458fea9-1918-4965-b4b0-2db8482e8bc2','cheque_no','','3577-7845-859'),('5458fea9-4418-41ad-8781-2db8482e8bc2','5458fea9-1918-4965-b4b0-2db8482e8bc2','outstanding','200','0'),('5458fea9-4c68-428c-b4b2-2db8482e8bc2','5458fea9-1918-4965-b4b0-2db8482e8bc2','paid_amount','0','200'),('5458fea9-5774-4050-99fe-2db8482e8bc2','5458fea9-1918-4965-b4b0-2db8482e8bc2','payment_status','not paid','paid'),('5458fea9-69ec-42b7-9d31-2db8482e8bc2','5458fea9-1918-4965-b4b0-2db8482e8bc2','paid','0000-00-00 00:00:00','2014-11-04 11:28:25'),('5458ffb4-7430-45f2-861f-3914482e8bc2','5458ffb4-fc68-4583-905e-3914482e8bc2','voucher_no',NULL,'6778'),('5458ffb4-7d10-46db-8b97-3914482e8bc2','5458ffb4-fc68-4583-905e-3914482e8bc2','outstanding','400','0'),('5458ffb4-91f8-4b1c-bce4-3914482e8bc2','5458ffb4-fc68-4583-905e-3914482e8bc2','paid_amount','0','400'),('5458ffb4-d2d0-4a3c-9d84-3914482e8bc2','5458ffb4-fc68-4583-905e-3914482e8bc2','cheque_no','','3577-7845-859'),('5458ffb5-2bf4-41ab-9858-3914482e8bc2','5458ffb4-fc68-4583-905e-3914482e8bc2','payment_status','not paid','paid'),('5458ffb5-9d34-4cb4-af72-3914482e8bc2','5458ffb4-fc68-4583-905e-3914482e8bc2','paid','0000-00-00 00:00:00','2014-11-04 11:32:51'),('54590107-5034-4871-861a-46bf482e8bc2','54590107-37f0-4189-b884-46bf482e8bc2','voucher_no',NULL,'4556'),('54590107-c500-4450-b88f-46bf482e8bc2','54590107-37f0-4189-b884-46bf482e8bc2','cheque_no','','3577-7845-859'),('54590107-d560-4460-a5d3-46bf482e8bc2','54590107-37f0-4189-b884-46bf482e8bc2','outstanding','50','0'),('54590108-791c-4d1f-8353-46bf482e8bc2','54590107-37f0-4189-b884-46bf482e8bc2','paid','0000-00-00 00:00:00','2014-11-04 11:38:31'),('54590108-c2bc-49f6-b5b8-46bf482e8bc2','54590107-37f0-4189-b884-46bf482e8bc2','paid_amount','0','50'),('54590108-fdf4-485a-9733-46bf482e8bc2','54590107-37f0-4189-b884-46bf482e8bc2','payment_status','not paid','paid'),('545901b2-07ec-41a8-99dd-508f482e8bc2','545901b2-a660-4e10-bf57-508f482e8bc2','outstanding','20','0'),('545901b2-5ab4-49d2-b433-508f482e8bc2','545901b2-a660-4e10-bf57-508f482e8bc2','paid_amount','0','20'),('545901b2-5cb8-4e6d-bcf5-508f482e8bc2','545901b2-a660-4e10-bf57-508f482e8bc2','cheque_no','','3577-7845-859'),('545901b2-708c-4d72-afb1-508f482e8bc2','545901b2-a660-4e10-bf57-508f482e8bc2','payment_status','not paid','paid'),('545901b2-d1c8-4af6-bb4f-508f482e8bc2','545901b2-a660-4e10-bf57-508f482e8bc2','voucher_no',NULL,'4578'),('545901b2-e7ec-49a2-a981-508f482e8bc2','545901b2-a660-4e10-bf57-508f482e8bc2','paid','0000-00-00 00:00:00','2014-11-04 11:41:22'),('54591193-2738-4397-8149-750f482e8bc2','54591193-bcf8-4d8a-8f39-750f482e8bc2','paid','0000-00-00 00:00:00','2014-11-04 12:49:07'),('54591193-4b0c-4ede-a0dd-750f482e8bc2','54591193-bcf8-4d8a-8f39-750f482e8bc2','voucher_no',NULL,'565788'),('54591193-798c-4fb2-aae5-750f482e8bc2','54591193-bcf8-4d8a-8f39-750f482e8bc2','cheque_no','','3577-7845-859'),('54591193-8ff0-4975-ad81-750f482e8bc2','54591193-bcf8-4d8a-8f39-750f482e8bc2','payment_status','not paid','paid'),('54591193-ed44-471f-89c0-750f482e8bc2','54591193-bcf8-4d8a-8f39-750f482e8bc2','outstanding','20','0'),('54591193-ee80-47f2-940b-750f482e8bc2','54591193-bcf8-4d8a-8f39-750f482e8bc2','paid_amount','0','20'),('545928f5-0df8-4537-bb10-6270482e8bc2','545928f5-8fc0-4197-a390-6270482e8bc2','voucher_no',NULL,'456'),('545928f5-5328-4688-8243-6270482e8bc2','545928f5-8fc0-4197-a390-6270482e8bc2','payment_status','not paid','paid'),('545928f5-5790-4ce5-97f3-6270482e8bc2','545928f5-8fc0-4197-a390-6270482e8bc2','paid','0000-00-00 00:00:00','2014-11-04 14:28:52'),('545928f5-6180-46ae-92f5-6270482e8bc2','545928f5-8fc0-4197-a390-6270482e8bc2','paid_amount','0','200'),('545928f5-cae4-4152-9fc8-6270482e8bc2','545928f5-8fc0-4197-a390-6270482e8bc2','cheque_no','','3450-454-4545'),('545928f5-d9d8-4fae-b0c4-6270482e8bc2','545928f5-8fc0-4197-a390-6270482e8bc2','outstanding','200','0'),('54593a2f-18a8-44ae-89bf-07bd482e8bc2','54593a2f-479c-41c2-aa2b-07bd482e8bc2','paid','0000-00-00 00:00:00','2014-11-04 15:42:22'),('54593a2f-28fc-41c1-bf59-07bd482e8bc2','54593a2f-479c-41c2-aa2b-07bd482e8bc2','paid_amount','0','500'),('54593a2f-33b4-4e71-8031-07bd482e8bc2','54593a2f-479c-41c2-aa2b-07bd482e8bc2','voucher_no',NULL,'435'),('54593a2f-47c4-49d0-bd35-07bd482e8bc2','54593a2f-479c-41c2-aa2b-07bd482e8bc2','cheque_no','','3450-454-4545'),('54593a2f-9934-45f1-a23e-07bd482e8bc2','54593a2f-479c-41c2-aa2b-07bd482e8bc2','payment_status','not paid','paid'),('54593a2f-ba54-4544-b59f-07bd482e8bc2','54593a2f-479c-41c2-aa2b-07bd482e8bc2','outstanding','500','0'),('54593ac2-1cdc-45c2-a19f-0caa482e8bc2','54593ac2-6088-40e8-b066-0caa482e8bc2','paid_amount','500','1000'),('54593ac2-2bb0-460a-9dd5-0caa482e8bc2','54593ac2-6088-40e8-b066-0caa482e8bc2','outstanding','0','-500'),('54593ac2-30e4-4965-bac2-0caa482e8bc2','54593ac2-6088-40e8-b066-0caa482e8bc2','paid','2014-11-04 15:42:22','2014-11-04 15:44:50'),('54593ad3-29e4-4efc-9aee-0d4e482e8bc2','54593ad3-3a68-48ad-b820-0d4e482e8bc2','outstanding','-500','-1500'),('54593ad3-4d10-44e2-839c-0d4e482e8bc2','54593ad3-3a68-48ad-b820-0d4e482e8bc2','paid_amount','1000','2000'),('54593ad3-55e0-4399-b34e-0d4e482e8bc2','54593ad3-3a68-48ad-b820-0d4e482e8bc2','paid','2014-11-04 15:44:50','2014-11-04 15:45:07'),('54593b67-0884-4dc8-8d3a-1274482e8bc2','54593b67-e6e8-4c7b-9db5-1274482e8bc2','cheque_no','','3450-454-4545'),('54593b67-120c-4de5-a9d6-1274482e8bc2','54593b67-e6e8-4c7b-9db5-1274482e8bc2','paid','0000-00-00 00:00:00','2014-11-04 15:47:35'),('54593b67-2ec4-4e7a-936e-1274482e8bc2','54593b67-e6e8-4c7b-9db5-1274482e8bc2','outstanding','2000','0'),('54593b67-8a48-4d60-a0e0-1274482e8bc2','54593b67-e6e8-4c7b-9db5-1274482e8bc2','paid_amount','0','2000'),('54593b67-8f14-495e-bf40-1274482e8bc2','54593b67-e6e8-4c7b-9db5-1274482e8bc2','payment_status','not paid','paid'),('54593b67-deb8-49b2-b5d8-1274482e8bc2','54593b67-e6e8-4c7b-9db5-1274482e8bc2','voucher_no',NULL,'33252'),('54593f12-3910-4995-bbbb-3487482e8bc2','54593f11-1404-4982-b534-3487482e8bc2','paid','0000-00-00 00:00:00','2014-11-04 16:03:13'),('54593f12-4e78-4fb0-b90a-3487482e8bc2','54593f11-1404-4982-b534-3487482e8bc2','paid_amount','0','300'),('54593f12-56fc-4f47-bd9b-3487482e8bc2','54593f11-1404-4982-b534-3487482e8bc2','cheque_no','','3450-454-4545'),('54593f12-b424-4831-a367-3487482e8bc2','54593f11-1404-4982-b534-3487482e8bc2','payment_status','not paid','paid'),('54593f12-b928-4ca4-a726-3487482e8bc2','54593f11-1404-4982-b534-3487482e8bc2','voucher_no',NULL,'34556'),('54593f12-c98c-4eaf-9b97-3487482e8bc2','54593f11-1404-4982-b534-3487482e8bc2','outstanding','300','0'),('54593f80-3710-43c3-a0e3-3852482e8bc2','54593f80-ac74-4491-94e4-3852482e8bc2','cheque_no','','3450-454-4545'),('54593f80-5648-4152-90ac-3852482e8bc2','54593f80-ac74-4491-94e4-3852482e8bc2','outstanding','200','0'),('54593f80-9950-424c-8737-3852482e8bc2','54593f80-ac74-4491-94e4-3852482e8bc2','paid_amount','0','200'),('54593f80-a524-461d-8120-3852482e8bc2','54593f80-ac74-4491-94e4-3852482e8bc2','payment_status','not paid','paid'),('54593f80-add8-4adc-87cc-3852482e8bc2','54593f80-ac74-4491-94e4-3852482e8bc2','paid','0000-00-00 00:00:00','2014-11-04 16:05:04'),('54593f80-be14-4d03-80d4-3852482e8bc2','54593f80-ac74-4491-94e4-3852482e8bc2','voucher_no',NULL,'23442'),('54593ff1-2900-4802-973b-3b89482e8bc2','54593ff1-95f8-4bbc-aca5-3b89482e8bc2','voucher_no',NULL,'3325345'),('54593ff1-7424-4e1b-a13f-3b89482e8bc2','54593ff1-95f8-4bbc-aca5-3b89482e8bc2','cheque_no','','3450-454-4545'),('54593ff2-147c-40c2-9681-3b89482e8bc2','54593ff1-95f8-4bbc-aca5-3b89482e8bc2','payment_status','not paid','paid'),('54593ff2-28b8-44e4-8120-3b89482e8bc2','54593ff1-95f8-4bbc-aca5-3b89482e8bc2','outstanding','300','0'),('54593ff2-9da0-48c1-8ef1-3b89482e8bc2','54593ff1-95f8-4bbc-aca5-3b89482e8bc2','paid_amount','0','300'),('54593ff2-b650-4afe-adad-3b89482e8bc2','54593ff1-95f8-4bbc-aca5-3b89482e8bc2','paid','0000-00-00 00:00:00','2014-11-04 16:06:57'),('545947fd-6284-4696-bde4-0a44482e8bc2','545947fd-5efc-4ae6-8c8f-0a44482e8bc2','voucher_no',NULL,'54216'),('545947fd-63e0-4979-bb80-0a44482e8bc2','545947fd-5efc-4ae6-8c8f-0a44482e8bc2','paid_amount','0','500'),('545947fd-e278-4d3c-bd2d-0a44482e8bc2','545947fd-5efc-4ae6-8c8f-0a44482e8bc2','outstanding','500','0'),('545947fd-edd4-454f-ad41-0a44482e8bc2','545947fd-5efc-4ae6-8c8f-0a44482e8bc2','cheque_no','','3450-454-4545'),('545947fe-74e4-4acb-a864-0a44482e8bc2','545947fd-5efc-4ae6-8c8f-0a44482e8bc2','paid','0000-00-00 00:00:00','2014-11-04 16:41:17'),('545947fe-f2b4-414b-b46d-0a44482e8bc2','545947fd-5efc-4ae6-8c8f-0a44482e8bc2','payment_status','not paid','paid'),('5459cc97-8d54-4860-9cfa-0b80482e8bc2','5459cc97-369c-4481-a80c-0b80482e8bc2','cheque_no','','bnfvjhjhjhjhjhjhjhjhjh'),('5459cc97-aef0-4a64-82d7-0b80482e8bc2','5459cc97-369c-4481-a80c-0b80482e8bc2','voucher_no',NULL,'2147483647'),('5459cc98-2c58-4e16-8761-0b80482e8bc2','5459cc97-369c-4481-a80c-0b80482e8bc2','paid','0000-00-00 00:00:00','2014-11-05 02:07:03'),('5459cc98-8940-4659-90e5-0b80482e8bc2','5459cc97-369c-4481-a80c-0b80482e8bc2','payment_status','not paid','paid'),('5459cca8-29ac-4f09-91de-0c6f482e8bc2','5459cca7-93a4-4e60-b96f-0c6f482e8bc2','paid','2014-11-05 02:07:03','2014-11-05 02:07:19'),('5459cedd-1ff4-4532-b4c8-2506482e8bc2','5459cedd-b948-4c3e-8646-2506482e8bc2','paid','0000-00-00 00:00:00','2014-11-05 02:16:45'),('5459cedd-c430-4af0-a033-2506482e8bc2','5459cedd-b948-4c3e-8646-2506482e8bc2','payment_status','not paid','paid'),('5459cedd-db08-419e-b519-2506482e8bc2','5459cedd-b948-4c3e-8646-2506482e8bc2','voucher_no',NULL,'234325'),('5459cedd-db90-4542-954f-2506482e8bc2','5459cedd-b948-4c3e-8646-2506482e8bc2','cheque_no','','3450-454-4545'),('5459cedd-dbac-4df4-95e5-2506482e8bc2','5459cedd-b948-4c3e-8646-2506482e8bc2','outstanding','100','0'),('5459cedd-dd58-4e13-8b2d-2506482e8bc2','5459cedd-b948-4c3e-8646-2506482e8bc2','paid_amount','0','100'),('5459cfc6-1bfc-40cc-bec8-2e51482e8bc2','5459cfc6-fc54-4ac6-b153-2e51482e8bc2','cheque_no','','3450-454-4545'),('5459cfc6-2a40-476f-8ec2-2e51482e8bc2','5459cfc6-fc54-4ac6-b153-2e51482e8bc2','paid_amount','0','1000'),('5459cfc6-6ea8-403f-88ba-2e51482e8bc2','5459cfc6-fc54-4ac6-b153-2e51482e8bc2','voucher_no',NULL,'34545'),('5459cfc6-7140-4d00-b8c7-2e51482e8bc2','5459cfc6-fc54-4ac6-b153-2e51482e8bc2','outstanding','1000','0'),('5459cfc7-29b0-4512-9bd2-2e51482e8bc2','5459cfc6-fc54-4ac6-b153-2e51482e8bc2','paid','0000-00-00 00:00:00','2014-11-05 02:20:38'),('5459cfc7-b400-4df1-b66d-2e51482e8bc2','5459cfc6-fc54-4ac6-b153-2e51482e8bc2','payment_status','not paid','paid'),('5459d64c-0510-4c55-9e54-7abb482e8bc2','5459d64c-a4d4-4b78-a5b5-7abb482e8bc2','payment_status','not paid','paid'),('5459d64c-0684-4835-8add-7abb482e8bc2','5459d64c-a4d4-4b78-a5b5-7abb482e8bc2','voucher_no',NULL,'56376'),('5459d64c-6918-4753-94da-7abb482e8bc2','5459d64c-a4d4-4b78-a5b5-7abb482e8bc2','cheque_no','','ytjdjiiugt'),('5459d64c-a978-4cb7-82b0-7abb482e8bc2','5459d64c-a4d4-4b78-a5b5-7abb482e8bc2','paid','0000-00-00 00:00:00','2014-11-05 02:48:28'),('5459d730-0060-4c84-a05e-0558482e8bc2','5459d730-aca0-40c0-9cf6-0558482e8bc2','voucher_no',NULL,'4772453'),('5459d730-06e0-442e-8562-0558482e8bc2','5459d730-aca0-40c0-9cf6-0558482e8bc2','payment_status','not paid','paid'),('5459d730-13a8-4fd3-8d5f-0558482e8bc2','5459d730-aca0-40c0-9cf6-0558482e8bc2','cheque_no','','dfghdhgd'),('5459d731-e458-436c-b12b-0558482e8bc2','5459d730-aca0-40c0-9cf6-0558482e8bc2','paid','0000-00-00 00:00:00','2014-11-05 02:52:16'),('5459d865-20b0-426b-972d-1425482e8bc2','5459d865-88f4-40d3-879d-1425482e8bc2','cheque_no','','46567'),('5459d865-2964-4b15-9fba-1425482e8bc2','5459d865-88f4-40d3-879d-1425482e8bc2','outstanding','100','0'),('5459d865-4fc8-4555-a652-1425482e8bc2','5459d865-88f4-40d3-879d-1425482e8bc2','paid_amount','0','100'),('5459d865-5624-4e83-8ce2-1425482e8bc2','5459d865-88f4-40d3-879d-1425482e8bc2','payment_status','not paid','paid'),('5459d865-6740-41f8-a0fb-1425482e8bc2','5459d865-88f4-40d3-879d-1425482e8bc2','voucher_no',NULL,'3454'),('5459d865-6af4-45d1-9efe-1425482e8bc2','5459d865-88f4-40d3-879d-1425482e8bc2','paid','0000-00-00 00:00:00','2014-11-05 02:57:25'),('5459ea2f-1f68-44a2-b8a4-6408482e8bc2','5459ea2f-113c-49cc-a367-6408482e8bc2','payment_status','not paid','paid'),('5459ea2f-81bc-45ea-8a3b-6408482e8bc2','5459ea2f-113c-49cc-a367-6408482e8bc2','voucher_no',NULL,'2147483647'),('5459ea2f-9af4-432d-8007-6408482e8bc2','5459ea2f-113c-49cc-a367-6408482e8bc2','paid','0000-00-00 00:00:00','2014-11-05 04:13:19'),('5459ea2f-ae04-45b1-9514-6408482e8bc2','5459ea2f-113c-49cc-a367-6408482e8bc2','cheque_no','','hhhjfgj'),('5459ed55-3ac8-4e6a-9132-0c12482e8bc2','5459ed54-45e4-4621-af41-0c12482e8bc2','paid','0000-00-00 00:00:00','2014-11-05 04:26:44'),('5459ed55-6370-48e0-80ab-0c12482e8bc2','5459ed54-45e4-4621-af41-0c12482e8bc2','payment_status','not paid','paid'),('5459ed55-71a0-44e4-8dbb-0c12482e8bc2','5459ed54-45e4-4621-af41-0c12482e8bc2','voucher_no',NULL,'56245'),('5459f11b-2c8c-4c86-9e70-33a2482e8bc2','5459f11b-7410-4a8b-a54e-33a2482e8bc2','payment_status','not paid','paid'),('5459f11b-46c8-4269-a243-33a2482e8bc2','5459f11b-7410-4a8b-a54e-33a2482e8bc2','outstanding','2000','0'),('5459f11b-74a8-4e26-a380-33a2482e8bc2','5459f11b-7410-4a8b-a54e-33a2482e8bc2','paid','0000-00-00 00:00:00','2014-11-05 04:42:51'),('5459f11b-b9bc-4dc6-a2cc-33a2482e8bc2','5459f11b-7410-4a8b-a54e-33a2482e8bc2','paid_amount','0','2000'),('5459f11b-c064-498d-bbb2-33a2482e8bc2','5459f11b-7410-4a8b-a54e-33a2482e8bc2','voucher_no',NULL,'144443'),('5459f52b-14c0-4f3f-afe6-621a482e8bc2','5459f52b-3c88-46bd-be49-621a482e8bc2','payment_status','not paid','paid'),('5459f52b-4284-4729-a72e-621a482e8bc2','5459f52b-3c88-46bd-be49-621a482e8bc2','outstanding','33','0'),('5459f52b-4d2c-4098-9cb7-621a482e8bc2','5459f52b-3c88-46bd-be49-621a482e8bc2','paid_amount','0','33'),('5459f52b-981c-4ca6-bc24-621a482e8bc2','5459f52b-3c88-46bd-be49-621a482e8bc2','paid','0000-00-00 00:00:00','2014-11-05 05:00:11'),('5459f52b-ad98-44ff-af87-621a482e8bc2','5459f52b-3c88-46bd-be49-621a482e8bc2','cheque_no','','hjjhhv'),('5459f52b-d0bc-42ae-a82a-621a482e8bc2','5459f52b-3c88-46bd-be49-621a482e8bc2','voucher_no',NULL,'3676'),('5459f83a-acbc-4143-8c1c-03b1482e8bc2','5459f83a-1440-4352-a025-03b1482e8bc2','cheque_no','','ghghghghghghghghghghgh'),('5459f83a-f2c8-4197-8fce-03b1482e8bc2','5459f83a-1440-4352-a025-03b1482e8bc2','voucher_no',NULL,'6555555'),('5459f83b-7614-4159-aee1-03b1482e8bc2','5459f83a-1440-4352-a025-03b1482e8bc2','payment_status','not paid','paid'),('5459f83b-8284-4149-abe6-03b1482e8bc2','5459f83a-1440-4352-a025-03b1482e8bc2','outstanding','99','0'),('5459f83b-a464-4159-be39-03b1482e8bc2','5459f83a-1440-4352-a025-03b1482e8bc2','paid','0000-00-00 00:00:00','2014-11-05 05:13:14'),('5459f83b-a7b8-428e-82b3-03b1482e8bc2','5459f83a-1440-4352-a025-03b1482e8bc2','paid_amount','0','99'),('5459f97c-0900-4aa9-8840-1205482e8bc2','5459f97b-0944-4877-a370-1205482e8bc2','outstanding','1','0'),('5459f97c-0f5c-4512-92f0-1205482e8bc2','5459f97b-0944-4877-a370-1205482e8bc2','paid_amount','0','1'),('5459f97c-2170-4753-bee2-1205482e8bc2','5459f97b-0944-4877-a370-1205482e8bc2','payment_status','not paid','paid'),('5459f97c-2510-49e7-a1ea-1205482e8bc2','5459f97b-0944-4877-a370-1205482e8bc2','paid','0000-00-00 00:00:00','2014-11-05 05:18:35'),('5459f97c-8280-43fb-9753-1205482e8bc2','5459f97b-0944-4877-a370-1205482e8bc2','voucher_no',NULL,'76445'),('5459f97c-f368-4d1b-9c7d-1205482e8bc2','5459f97b-0944-4877-a370-1205482e8bc2','cheque_no','','yu7yt'),('545c4d76-88e0-4159-984e-5c36482e8bc2','545c4d76-1b10-4074-a8d9-5c36482e8bc2','net_provision','5916500','5916600'),('545c4d76-d498-42a8-bb43-5c36482e8bc2','545c4d76-1b10-4074-a8d9-5c36482e8bc2','suppliment_fr',NULL,'100'),('545c5cd8-9f98-4836-a11c-06aa482e8bc2','545c5cd8-2340-4a59-ad9c-06aa482e8bc2','suppliment_fr','0','100'),('545c5cd8-eae4-456c-bce9-06aa482e8bc2','545c5cd8-2340-4a59-ad9c-06aa482e8bc2','net_provision','5916500','5916600'),('545c5d59-bf88-4f50-8c73-0bf1482e8bc2','545c5d59-796c-47e7-843a-0bf1482e8bc2','suppliment_fr','100','200'),('545c5d59-e5d0-4819-b635-0bf1482e8bc2','545c5d59-796c-47e7-843a-0bf1482e8bc2','net_provision','5916600','5916700'),('545c5e77-5e14-4b29-9e63-190b482e8bc2','545c5e77-8908-4a75-85bd-190b482e8bc2','suppliment_fr','0','100'),('545c5e77-e4e0-4173-826c-190b482e8bc2','545c5e77-8908-4a75-85bd-190b482e8bc2','remaining_amount','5916500','100'),('545c5e77-ed48-4390-9942-190b482e8bc2','545c5e77-8908-4a75-85bd-190b482e8bc2','net_provision','5916500','5916600'),('545c5ea0-d84c-4812-a897-1afc482e8bc2','545c5ea0-c628-40ce-ab31-1afc482e8bc2','remaining_amount','100','200'),('545c5f14-3608-4737-a72d-2016482e8bc2','545c5f13-af78-469f-b757-2016482e8bc2','net_provision','5916500','5916600'),('545c5f14-4240-4141-bcb2-2016482e8bc2','545c5f13-af78-469f-b757-2016482e8bc2','remaining_amount','5916500','100'),('545c5f14-8768-43bd-aacf-2016482e8bc2','545c5f13-af78-469f-b757-2016482e8bc2','suppliment_fr','0','100'),('545c68e1-6f58-4e7e-9ce5-0ceb482e8bc2','545c68e1-2a8c-4c72-8675-0ceb482e8bc2','suppliment_fr','0','200'),('545c68e2-0fe8-4b86-a65c-0ceb482e8bc2','545c68e1-2a8c-4c72-8675-0ceb482e8bc2','net_provision','5916500','5916700'),('545c68e2-af20-4bee-a450-0ceb482e8bc2','545c68e1-2a8c-4c72-8675-0ceb482e8bc2','remaining_amount','5916500','200'),('545c6a26-2a88-4053-966b-1994482e8bc2','545c6a26-8264-49af-a270-1994482e8bc2','suppliment_fr','0','100'),('545c6a26-4f84-4af8-8d80-1994482e8bc2','545c6a26-8264-49af-a270-1994482e8bc2','net_provision','5916500','5916600'),('545c6a26-a7e8-43b5-ac2f-1994482e8bc2','545c6a26-8264-49af-a270-1994482e8bc2','remaining_amount','5916500','102'),('545c6a78-60dc-451f-808b-1d6b482e8bc2','545c6a77-94cc-473a-a761-1d6b482e8bc2','suppliment_fr','0','100'),('545c6a78-7b70-446a-bd71-1d6b482e8bc2','545c6a77-94cc-473a-a761-1d6b482e8bc2','remaining_amount','5916500','102'),('545c6b3f-d734-4d36-b41f-2506482e8bc2','545c6b3f-f7f8-4b64-84ed-2506482e8bc2','suppliment_fr','0','100'),('545c6b40-62d0-42a9-8800-2506482e8bc2','545c6b3f-f7f8-4b64-84ed-2506482e8bc2','net_provision','5916500','5916600'),('545c6b40-cebc-48dd-9884-2506482e8bc2','545c6b3f-f7f8-4b64-84ed-2506482e8bc2','remaining_amount','5916500','5916600'),('5565532e-4038-4b08-925e-544a43de9782','5565532e-761c-44cf-9601-544a43de9782','voucher_no',NULL,'61'),('5565532e-b5a0-408b-a40c-544a43de9782','5565532e-761c-44cf-9601-544a43de9782','cheque_no','','355421'),('5565532e-c3a0-4fa5-b7cd-544a43de9782','5565532e-761c-44cf-9601-544a43de9782','payment_status','not paid','paid'),('5565532e-f4e0-463c-adf1-544a43de9782','5565532e-761c-44cf-9601-544a43de9782','issued_date','2015-04-20','2015-05-27'),('5565532f-91bc-4609-ba15-544a43de9782','5565532e-761c-44cf-9601-544a43de9782','paid','0000-00-00 00:00:00','2015-05-27 01:16:30'),('5566dc50-d8d4-48fd-8999-0b6743de9782','5566dc50-2218-46d0-a1e9-0b6743de9782','net_provision','1000','500'),('5566dc50-e198-47f7-ac7a-0b6743de9782','5566dc50-2218-46d0-a1e9-0b6743de9782','estimate','1000','500'),('5566ded0-5304-472b-99c1-199e43de9782','5566ded0-4b54-4863-8e6a-199e43de9782','voucher_no',NULL,'65'),('5566ded1-2f10-4cd6-b5c7-199e43de9782','5566ded0-4b54-4863-8e6a-199e43de9782','outstanding','2500000','2497500'),('5566ded1-5918-453f-8a43-199e43de9782','5566ded0-4b54-4863-8e6a-199e43de9782','paid_amount','0','2500'),('5566ded1-b820-4d62-9012-199e43de9782','5566ded0-4b54-4863-8e6a-199e43de9782','payment_status','not paid','paid'),('5566ded1-d30c-42d0-89bd-199e43de9782','5566ded0-4b54-4863-8e6a-199e43de9782','paid','0000-00-00 00:00:00','2015-05-28 05:24:32'),('5566ded1-e32c-4302-849e-199e43de9782','5566ded0-4b54-4863-8e6a-199e43de9782','cheque_no','','2525522'),('55755a67-67e4-4ba5-b3f5-47cb43de9782','55755a67-ec14-470c-9da4-47cb43de9782','amount','2500000','25000'),('55756015-0a5c-4de8-8af2-70f543de9782','55756015-bac8-4323-a1b5-70f543de9782','cheque_no','','5855555'),('55756015-3bdc-4fa1-806a-70f543de9782','55756015-bac8-4323-a1b5-70f543de9782','payment_status','not paid','paid'),('55756015-80dc-4246-a0ff-70f543de9782','55756015-bac8-4323-a1b5-70f543de9782','voucher_no',NULL,'52'),('55756015-a090-456a-9a23-70f543de9782','55756015-bac8-4323-a1b5-70f543de9782','outstanding','2500000','1500000'),('55756015-bd00-4b0d-a34a-70f543de9782','55756015-bac8-4323-a1b5-70f543de9782','paid','0000-00-00 00:00:00','2015-06-08 05:27:49'),('55756015-ee34-49e5-a741-70f543de9782','55756015-bac8-4323-a1b5-70f543de9782','issued_date','2015-04-20','2015-06-20'),('55756015-f318-471a-9426-70f543de9782','55756015-bac8-4323-a1b5-70f543de9782','paid_amount','0','1000000'),('5575604e-5c9c-4a98-9552-722643de9782','5575604e-7668-4615-a19d-722643de9782','paid_amount','1000000','3500000'),('5575604e-e508-4a20-b1ac-722643de9782','5575604e-7668-4615-a19d-722643de9782','paid','2015-06-08 05:27:49','2015-06-08 05:28:46'),('5575604e-ef3c-4f3a-975b-722643de9782','5575604e-7668-4615-a19d-722643de9782','outstanding','1500000','-1000000'),('5575632d-88a4-4698-a809-08f743de9782','5575632d-84e4-42a5-b56f-08f743de9782','estimate','14228000000','1422800'),('5575632e-40e4-4237-b307-08f743de9782','5575632d-84e4-42a5-b56f-08f743de9782','net_provision','14228000000','1422800'),('557f9965-7994-49d6-92d9-315b43de9782','557f9964-18e0-4402-a515-315b43de9782','remaining_amount','5000000','5250000'),('557f9965-927c-4e11-9100-315b43de9782','557f9964-18e0-4402-a515-315b43de9782','suppliment_fr',NULL,'250000'),('557f9965-e470-4b8c-9dc6-315b43de9782','557f9964-18e0-4402-a515-315b43de9782','net_provision','5000000','5250000'),('5582e516-3324-429a-85ae-4f6b43de9782','5582e516-19e0-48dc-89f7-4f6b43de9782','voucher_no',NULL,'34'),('5588e3e2-20a4-48c8-b0cf-736243de9782','5588e3e2-bd24-49ab-b5ba-736243de9782','estimate','1422800','75000000'),('5588e3e2-76f8-4cb3-a8b9-736243de9782','5588e3e2-bd24-49ab-b5ba-736243de9782','net_provision','1422800','75000000');
/*!40000 ALTER TABLE `audit_deltas` ENABLE KEYS */;
UNLOCK TABLES;

--
-- Table structure for table `audits`
--

DROP TABLE IF EXISTS `audits`;
/*!40101 SET @saved_cs_client     = @@character_set_client */;
/*!40101 SET character_set_client = utf8 */;
CREATE TABLE `audits` (
  `id` varchar(36) NOT NULL,
  `event` varchar(255) NOT NULL,
  `model` varchar(255) NOT NULL,
  `entity_id` varchar(36) NOT NULL,
  `json_object` text,
  `description` text,
  `source_id` varchar(255) DEFAULT NULL,
  `created` datetime NOT NULL,
  `delta_count` int(11) DEFAULT '0',
  `source_ip` varchar(255) DEFAULT NULL,
  `source_url` varchar(255) DEFAULT NULL,
  PRIMARY KEY (`id`)
) ENGINE=InnoDB DEFAULT CHARSET=utf8;
/*!40101 SET character_set_client = @saved_cs_client */;

--
-- Dumping data for table `audits`
--

LOCK TABLES `audits` WRITE;
/*!40000 ALTER TABLE `audits` DISABLE KEYS */;
INSERT INTO `audits` (`id`, `event`, `model`, `entity_id`, `json_object`, `description`, `source_id`, `created`, `delta_count`, `source_ip`, `source_url`) VALUES ('5458f5b9-cbc4-4f82-ac81-51f9482e8bc2','CREATE','Voucher','1',NULL,NULL,NULL,'2014-11-04 10:50:17',0,NULL,NULL),('5458f6f5-42dc-4e3e-bcc2-5f81482e8bc2','CREATE','Voucher','2',NULL,NULL,NULL,'2014-11-04 10:55:33',0,NULL,NULL),('5458f75d-847c-4ca6-af8f-6419482e8bc2','CREATE','Voucher','3',NULL,NULL,NULL,'2014-11-04 10:57:17',0,NULL,NULL),('5458f7e6-53c8-4a34-b90a-698e482e8bc2','CREATE','Voucher','4',NULL,NULL,NULL,'2014-11-04 10:59:34',0,NULL,NULL),('5458f970-b58c-4f83-ab18-77eb482e8bc2','CREATE','Voucher','1',NULL,NULL,NULL,'2014-11-04 11:06:08',0,NULL,NULL),('5458f9ae-c130-4289-930d-7a99482e8bc2','CREATE','Voucher','2',NULL,NULL,NULL,'2014-11-04 11:07:10',0,NULL,NULL),('5458fa88-9d60-423f-97f0-038f482e8bc2','CREATE','Voucher','3',NULL,NULL,NULL,'2014-11-04 11:10:48',0,NULL,NULL),('5458fbca-01e4-45c0-bb08-1154482e8bc2','CREATE','Voucher','4',NULL,NULL,NULL,'2014-11-04 11:16:10',0,NULL,NULL),('5458fccf-e3d8-463c-a0b7-1ab2482e8bc2','EDIT','Voucher','4',NULL,NULL,NULL,'2014-11-04 11:20:31',6,NULL,NULL),('5458fe46-fd90-440a-9a1c-2a2a482e8bc2','CREATE','Voucher','5',NULL,NULL,NULL,'2014-11-04 11:26:46',0,NULL,NULL),('5458fea9-1918-4965-b4b0-2db8482e8bc2','EDIT','Voucher','5',NULL,NULL,NULL,'2014-11-04 11:28:25',6,NULL,NULL),('5458ff80-a45c-41ab-87e3-3686482e8bc2','CREATE','Voucher','6',NULL,NULL,NULL,'2014-11-04 11:32:00',0,NULL,NULL),('5458ffb4-fc68-4583-905e-3914482e8bc2','EDIT','Voucher','6',NULL,NULL,NULL,'2014-11-04 11:32:52',6,NULL,NULL),('54590057-b8a0-47fd-aab9-3f57482e8bc2','CREATE','Voucher','7',NULL,NULL,NULL,'2014-11-04 11:35:35',0,NULL,NULL),('54590107-37f0-4189-b884-46bf482e8bc2','EDIT','Voucher','7',NULL,NULL,NULL,'2014-11-04 11:38:31',6,NULL,NULL),('54590189-7ab0-4a2e-abfd-4ea6482e8bc2','CREATE','Voucher','8',NULL,NULL,NULL,'2014-11-04 11:40:41',0,NULL,NULL),('545901b2-a660-4e10-bf57-508f482e8bc2','EDIT','Voucher','8',NULL,NULL,NULL,'2014-11-04 11:41:22',6,NULL,NULL),('54590461-7be4-4604-a39c-69ae482e8bc2','CREATE','Voucher','9',NULL,NULL,NULL,'2014-11-04 11:52:49',0,NULL,NULL),('54590484-3f28-4f44-b578-6b22482e8bc2','DELETE','Voucher','9',NULL,NULL,NULL,'2014-11-04 11:53:24',0,NULL,NULL),('545904c9-67f0-405a-80ee-6df6482e8bc2','CREATE','Voucher','10',NULL,NULL,NULL,'2014-11-04 11:54:33',0,NULL,NULL),('545904f3-3df4-487b-89df-7012482e8bc2','DELETE','Voucher','10',NULL,NULL,NULL,'2014-11-04 11:55:15',0,NULL,NULL),('54590533-f8cc-46ea-9f01-7336482e8bc2','CREATE','Voucher','11',NULL,NULL,NULL,'2014-11-04 11:56:19',0,NULL,NULL),('545907d8-b820-4540-9e95-1567482e8bc2','DELETE','Voucher','11',NULL,NULL,NULL,'2014-11-04 12:07:36',0,NULL,NULL),('54590d07-a7e0-49b8-9c90-4602482e8bc2','CREATE','Voucher','12',NULL,NULL,NULL,'2014-11-04 12:29:43',0,NULL,NULL),('54590d32-a380-4fd4-9588-47d8482e8bc2','DELETE','Voucher','12',NULL,NULL,NULL,'2014-11-04 12:30:26',0,NULL,NULL),('54590ded-8c7c-4249-8eec-4de4482e8bc2','CREATE','Voucher','13',NULL,NULL,NULL,'2014-11-04 12:33:33',0,NULL,NULL),('54590e26-0df8-46ca-87a5-5076482e8bc2','DELETE','Voucher','13',NULL,NULL,NULL,'2014-11-04 12:34:30',0,NULL,NULL),('54590e8a-a770-43f2-a0fc-54ab482e8bc2','CREATE','Voucher','14',NULL,NULL,NULL,'2014-11-04 12:36:10',0,NULL,NULL),('54590ea2-ee08-4d30-ac35-5595482e8bc2','DELETE','Voucher','14',NULL,NULL,NULL,'2014-11-04 12:36:34',0,NULL,NULL),('54591029-f038-47e7-bd8c-6365482e8bc2','CREATE','Voucher','15',NULL,NULL,NULL,'2014-11-04 12:43:05',0,NULL,NULL),('5459115e-bc4c-4ca8-b539-7161482e8bc2','CREATE','Voucher','16',NULL,NULL,NULL,'2014-11-04 12:48:14',0,NULL,NULL),('54591193-bcf8-4d8a-8f39-750f482e8bc2','EDIT','Voucher','16',NULL,NULL,NULL,'2014-11-04 12:49:07',6,NULL,NULL),('5459183c-16f4-4b11-983d-3aec482e8bc2','CREATE','UserRoleVote','1',NULL,NULL,NULL,'2014-11-04 13:17:32',0,NULL,NULL),('54591e26-2a60-47f3-b2ff-752f482e8bc2','CREATE','Voucher','17',NULL,NULL,NULL,'2014-11-04 13:42:46',0,NULL,NULL),('5459261a-0538-4028-a20b-46be482e8bc2','CREATE','Voucher','18',NULL,NULL,NULL,'2014-11-04 14:16:42',0,NULL,NULL),('5459284c-c30c-4371-9d60-5aae482e8bc2','CREATE','Voucher','19',NULL,NULL,NULL,'2014-11-04 14:26:04',0,NULL,NULL),('54592883-cce8-4b99-b85a-5d3e482e8bc2','CREATE','Voucher','20',NULL,NULL,NULL,'2014-11-04 14:26:59',0,NULL,NULL),('545928f5-8fc0-4197-a390-6270482e8bc2','EDIT','Voucher','20',NULL,NULL,NULL,'2014-11-04 14:28:53',6,NULL,NULL),('545937bd-713c-4f09-a3b1-6df1482e8bc2','CREATE','Voucher','1',NULL,NULL,NULL,'2014-11-04 15:31:57',0,NULL,NULL),('545937d8-34f0-4778-9769-6f1f482e8bc2','CREATE','Voucher','2',NULL,NULL,NULL,'2014-11-04 15:32:24',0,NULL,NULL),('54593845-30d4-407c-b33e-72f0482e8bc2','CREATE','Voucher','3',NULL,NULL,NULL,'2014-11-04 15:34:13',0,NULL,NULL),('5459385c-62a8-466c-8974-73fa482e8bc2','CREATE','Voucher','4',NULL,NULL,NULL,'2014-11-04 15:34:36',0,NULL,NULL),('545938b3-17b0-4116-8830-7804482e8bc2','CREATE','Voucher','5',NULL,NULL,NULL,'2014-11-04 15:36:03',0,NULL,NULL),('54593a2f-479c-41c2-aa2b-07bd482e8bc2','EDIT','Voucher','5',NULL,NULL,NULL,'2014-11-04 15:42:23',6,NULL,NULL),('54593ac2-6088-40e8-b066-0caa482e8bc2','EDIT','Voucher','5',NULL,NULL,NULL,'2014-11-04 15:44:50',3,NULL,NULL),('54593ad3-3a68-48ad-b820-0d4e482e8bc2','EDIT','Voucher','5',NULL,NULL,NULL,'2014-11-04 15:45:07',3,NULL,NULL),('54593b46-ed4c-4389-b3bd-111e482e8bc2','CREATE','Voucher','6',NULL,NULL,NULL,'2014-11-04 15:47:02',0,NULL,NULL),('54593b67-e6e8-4c7b-9db5-1274482e8bc2','EDIT','Voucher','6',NULL,NULL,NULL,'2014-11-04 15:47:35',6,NULL,NULL),('54593ef1-36e0-4532-8c01-336a482e8bc2','CREATE','Voucher','7',NULL,NULL,NULL,'2014-11-04 16:02:41',0,NULL,NULL),('54593f11-1404-4982-b534-3487482e8bc2','EDIT','Voucher','7',NULL,NULL,NULL,'2014-11-04 16:03:13',6,NULL,NULL),('54593f6e-f288-46cd-8b5a-3785482e8bc2','CREATE','Voucher','8',NULL,NULL,NULL,'2014-11-04 16:04:46',0,NULL,NULL),('54593f80-ac74-4491-94e4-3852482e8bc2','EDIT','Voucher','8',NULL,NULL,NULL,'2014-11-04 16:05:04',6,NULL,NULL),('54593fd1-06ac-4086-98c7-3a70482e8bc2','CREATE','Voucher','9',NULL,NULL,NULL,'2014-11-04 16:06:25',0,NULL,NULL),('54593ff1-95f8-4bbc-aca5-3b89482e8bc2','EDIT','Voucher','9',NULL,NULL,NULL,'2014-11-04 16:06:57',6,NULL,NULL),('545945c8-6db8-4695-b677-7407482e8bc2','CREATE','Voucher','10',NULL,NULL,NULL,'2014-11-04 16:31:52',0,NULL,NULL),('54594660-3624-4f1d-a090-7a7a482e8bc2','CREATE','Voucher','11',NULL,NULL,NULL,'2014-11-04 16:34:24',0,NULL,NULL),('5459478d-f394-4cd3-81d9-05f3482e8bc2','CREATE','Voucher','12',NULL,NULL,NULL,'2014-11-04 16:39:25',0,NULL,NULL),('545947fd-5efc-4ae6-8c8f-0a44482e8bc2','EDIT','Voucher','12',NULL,NULL,NULL,'2014-11-04 16:41:17',6,NULL,NULL),('54594831-497c-42e3-8d2e-0c5e482e8bc2','CREATE','Voucher','13',NULL,NULL,NULL,'2014-11-04 16:42:09',0,NULL,NULL),('5459493e-a5a0-41ab-a5c8-156d482e8bc2','CREATE','Voucher','14',NULL,NULL,NULL,'2014-11-04 16:46:38',0,NULL,NULL),('5459499b-685c-4f3f-a31a-1902482e8bc2','CREATE','Voucher','15',NULL,NULL,NULL,'2014-11-04 16:48:11',0,NULL,NULL),('54596381-0a84-45ad-a417-0d12482e8bc2','CREATE','Voucher','16',NULL,NULL,NULL,'2014-11-04 18:38:41',0,NULL,NULL),('54596a86-3940-4ea8-9266-4ca9482e8bc2','CREATE','UserRoleVote','2',NULL,NULL,NULL,'2014-11-04 19:08:38',0,NULL,NULL),('54596ad3-9280-4d7f-b724-4f08482e8bc2','CREATE','UserRoleVote','3',NULL,NULL,NULL,'2014-11-04 19:09:55',0,NULL,NULL),('54596bda-93d4-4fb0-b2d2-5760482e8bc2','CREATE','UserRoleVote','4',NULL,NULL,NULL,'2014-11-04 19:14:18',0,NULL,NULL),('54596c57-b874-4ae2-808a-5b84482e8bc2','CREATE','UserRoleVote','5',NULL,NULL,NULL,'2014-11-04 19:16:23',0,NULL,NULL),('54596c98-006c-4f29-b65e-5de9482e8bc2','CREATE','UserRoleVote','6',NULL,NULL,NULL,'2014-11-04 19:17:28',0,NULL,NULL),('54596e25-aa0c-4a8c-babc-69d5482e8bc2','CREATE','UserRoleVote','7',NULL,NULL,NULL,'2014-11-04 19:24:05',0,NULL,NULL),('5459bc15-9680-46f4-b6f6-5121482e8bc2','CREATE','Voucher','17',NULL,NULL,NULL,'2014-11-05 00:56:37',0,NULL,NULL),('5459bc88-d638-4b3f-9313-553d482e8bc2','CREATE','Voucher','18',NULL,NULL,NULL,'2014-11-05 00:58:32',0,NULL,NULL),('5459bd28-0970-43ac-a345-5ca5482e8bc2','CREATE','Voucher','19',NULL,NULL,NULL,'2014-11-05 01:01:12',0,NULL,NULL),('5459bd4f-2e78-4512-b5ad-5ec1482e8bc2','CREATE','Voucher','20',NULL,NULL,NULL,'2014-11-05 01:01:51',0,NULL,NULL),('5459be74-3544-4423-afde-6dbf482e8bc2','CREATE','UserRoleVote','8',NULL,NULL,NULL,'2014-11-05 01:06:44',0,NULL,NULL),('5459bf7e-d654-4422-975f-7bd1482e8bc2','CREATE','Voucher','21',NULL,NULL,NULL,'2014-11-05 01:11:10',0,NULL,NULL),('5459c034-1ee4-4896-a95d-04e1482e8bc2','CREATE','Voucher','22',NULL,NULL,NULL,'2014-11-05 01:14:12',0,NULL,NULL),('5459c1af-c848-41bd-ac81-15f5482e8bc2','CREATE','Voucher','23',NULL,NULL,NULL,'2014-11-05 01:20:31',0,NULL,NULL),('5459c1f2-f500-4674-a9ce-189e482e8bc2','CREATE','Voucher','24',NULL,NULL,NULL,'2014-11-05 01:21:38',0,NULL,NULL),('5459c218-2228-4256-9caf-1a25482e8bc2','CREATE','Voucher','25',NULL,NULL,NULL,'2014-11-05 01:22:16',0,NULL,NULL),('5459c24f-d554-427e-b1fc-1ccc482e8bc2','CREATE','Voucher','26',NULL,NULL,NULL,'2014-11-05 01:23:11',0,NULL,NULL),('5459c28c-65b8-4602-8df3-1f24482e8bc2','CREATE','Voucher','27',NULL,NULL,NULL,'2014-11-05 01:24:12',0,NULL,NULL),('5459c359-2c74-4b14-9314-2803482e8bc2','CREATE','Voucher','28',NULL,NULL,NULL,'2014-11-05 01:27:37',0,NULL,NULL),('5459cc97-369c-4481-a80c-0b80482e8bc2','EDIT','Voucher','28',NULL,NULL,NULL,'2014-11-05 02:07:03',4,NULL,NULL),('5459cca7-93a4-4e60-b96f-0c6f482e8bc2','EDIT','Voucher','28',NULL,NULL,NULL,'2014-11-05 02:07:19',1,NULL,NULL),('5459ceaf-ec78-416e-86a6-234b482e8bc2','CREATE','Voucher','29',NULL,NULL,NULL,'2014-11-05 02:15:59',0,NULL,NULL),('5459cedd-b948-4c3e-8646-2506482e8bc2','EDIT','Voucher','29',NULL,NULL,NULL,'2014-11-05 02:16:45',6,NULL,NULL),('5459cf3e-7738-44cb-b2ff-2867482e8bc2','CREATE','Voucher','30',NULL,NULL,NULL,'2014-11-05 02:18:22',0,NULL,NULL),('5459cf7c-b678-4cd2-b82c-2b1d482e8bc2','CREATE','Voucher','31',NULL,NULL,NULL,'2014-11-05 02:19:24',0,NULL,NULL),('5459cfc6-fc54-4ac6-b153-2e51482e8bc2','EDIT','Voucher','31',NULL,NULL,NULL,'2014-11-05 02:20:38',6,NULL,NULL),('5459d4da-4134-4d96-869e-69b2482e8bc2','CREATE','UserRoleVote','9',NULL,NULL,NULL,'2014-11-05 02:42:18',0,NULL,NULL),('5459d51a-2870-47c4-803d-6cd6482e8bc2','CREATE','Voucher','32',NULL,NULL,NULL,'2014-11-05 02:43:22',0,NULL,NULL),('5459d570-88c4-4b0e-8803-707a482e8bc2','CREATE','Voucher','33',NULL,NULL,NULL,'2014-11-05 02:44:48',0,NULL,NULL),('5459d64c-a4d4-4b78-a5b5-7abb482e8bc2','EDIT','Voucher','33',NULL,NULL,NULL,'2014-11-05 02:48:28',4,NULL,NULL),('5459d6e5-4020-47f1-afeb-01e8482e8bc2','CREATE','Voucher','34',NULL,NULL,NULL,'2014-11-05 02:51:01',0,NULL,NULL),('5459d730-aca0-40c0-9cf6-0558482e8bc2','EDIT','Voucher','34',NULL,NULL,NULL,'2014-11-05 02:52:16',4,NULL,NULL),('5459d7ef-6edc-434c-a51b-0ec3482e8bc2','CREATE','Voucher','35',NULL,NULL,NULL,'2014-11-05 02:55:27',0,NULL,NULL),('5459d865-88f4-40d3-879d-1425482e8bc2','EDIT','Voucher','35',NULL,NULL,NULL,'2014-11-05 02:57:25',6,NULL,NULL),('5459da91-37c0-44db-8a80-2cb0482e8bc2','CREATE','Voucher','36',NULL,NULL,NULL,'2014-11-05 03:06:41',0,NULL,NULL),('5459ddf6-1290-4950-b6ef-4ece482e8bc2','CREATE','Voucher','37',NULL,NULL,NULL,'2014-11-05 03:21:10',0,NULL,NULL),('5459ea2f-113c-49cc-a367-6408482e8bc2','EDIT','Voucher','37',NULL,NULL,NULL,'2014-11-05 04:13:19',4,NULL,NULL),('5459eb76-faf8-41f0-883b-735d482e8bc2','CREATE','Voucher','38',NULL,NULL,NULL,'2014-11-05 04:18:46',0,NULL,NULL),('5459ec2b-44a4-4259-9d4e-7b91482e8bc2','CREATE','UserRoleVote','10',NULL,NULL,NULL,'2014-11-05 04:21:47',0,NULL,NULL),('5459ec54-1b10-4cf5-8fe0-7e0c482e8bc2','CREATE','Voucher','39',NULL,NULL,NULL,'2014-11-05 04:22:28',0,NULL,NULL),('5459ed54-45e4-4621-af41-0c12482e8bc2','EDIT','Voucher','39',NULL,NULL,NULL,'2014-11-05 04:26:44',3,NULL,NULL),('5459ed8c-ee0c-4c39-8f2d-0e38482e8bc2','CREATE','Voucher','40',NULL,NULL,NULL,'2014-11-05 04:27:40',0,NULL,NULL),('5459f11b-7410-4a8b-a54e-33a2482e8bc2','EDIT','Voucher','40',NULL,NULL,NULL,'2014-11-05 04:42:51',5,NULL,NULL),('5459f1cb-8c88-44dc-8d23-3bd3482e8bc2','CREATE','Voucher','41',NULL,NULL,NULL,'2014-11-05 04:45:47',0,NULL,NULL),('5459f215-dc7c-4463-a2a9-3ef6482e8bc2','CREATE','Voucher','42',NULL,NULL,NULL,'2014-11-05 04:47:01',0,NULL,NULL),('5459f271-58b8-4cd3-874a-436f482e8bc2','CREATE','Voucher','43',NULL,NULL,NULL,'2014-11-05 04:48:33',0,NULL,NULL),('5459f52b-3c88-46bd-be49-621a482e8bc2','EDIT','Voucher','42',NULL,NULL,NULL,'2014-11-05 05:00:11',6,NULL,NULL),('5459f719-3a7c-45eb-ab96-75f7482e8bc2','CREATE','Voucher','44',NULL,NULL,NULL,'2014-11-05 05:08:25',0,NULL,NULL),('5459f83a-1440-4352-a025-03b1482e8bc2','EDIT','Voucher','44',NULL,NULL,NULL,'2014-11-05 05:13:14',6,NULL,NULL),('5459f8d4-d928-4e06-82d0-0a36482e8bc2','CREATE','Voucher','45',NULL,NULL,NULL,'2014-11-05 05:15:48',0,NULL,NULL),('5459f941-235c-41d7-a7b7-0f79482e8bc2','CREATE','Voucher','46',NULL,NULL,NULL,'2014-11-05 05:17:37',0,NULL,NULL),('5459f97b-0944-4877-a370-1205482e8bc2','EDIT','Voucher','46',NULL,NULL,NULL,'2014-11-05 05:18:35',6,NULL,NULL),('545b577d-1c48-4bee-bf45-3570482e8bc2','CREATE','UserRolesVotes','1',NULL,NULL,NULL,'2014-11-06 06:11:57',0,NULL,NULL),('545b578b-0e98-459b-b7cc-364c482e8bc2','DELETE','UserRolesVotes','1',NULL,NULL,NULL,'2014-11-06 06:12:11',0,NULL,NULL),('545c4b08-b860-4ac6-b47a-41c0482e8bc2','CREATE','Vote','99',NULL,NULL,NULL,'2014-11-06 23:31:04',0,NULL,NULL),('545c4bb0-b140-45ae-9ecf-48e0482e8bc2','CREATE','Vote','100',NULL,NULL,NULL,'2014-11-06 23:33:52',0,NULL,NULL),('545c4d76-1b10-4074-a8d9-5c36482e8bc2','EDIT','Vote','2',NULL,NULL,NULL,'2014-11-06 23:41:26',2,NULL,NULL),('545c5294-86b0-4f39-a8a8-13ff482e8bc2','CREATE','UserRoleVote','11',NULL,NULL,NULL,'2014-11-07 00:03:16',0,NULL,NULL),('545c54ed-5660-4f9e-9e58-2e76482e8bc2','CREATE','UserRoleVote','12',NULL,NULL,NULL,'2014-11-07 00:13:17',0,NULL,NULL),('545c5a9e-4fc0-43bc-9278-69b6482e8bc2','DELETE','UserRoleVote','12',NULL,NULL,NULL,'2014-11-07 00:37:34',0,NULL,NULL),('545c5abc-60b0-45f2-8245-6abe482e8bc2','DELETE','UserRoleVote','11',NULL,NULL,NULL,'2014-11-07 00:38:04',0,NULL,NULL),('545c5ad8-a1d8-4f67-ae1c-6bd6482e8bc2','DELETE','UserRoleVote','10',NULL,NULL,NULL,'2014-11-07 00:38:32',0,NULL,NULL),('545c5cca-f884-41fc-b16d-05c8482e8bc2','CREATE','UserRole','40',NULL,NULL,NULL,'2014-11-07 00:46:50',0,NULL,NULL),('545c5cd8-2340-4a59-ad9c-06aa482e8bc2','EDIT','Vote','2',NULL,NULL,NULL,'2014-11-07 00:47:04',2,NULL,NULL),('545c5cd8-afa0-4171-83da-06b5482e8bc2','DELETE','UserRole','40',NULL,NULL,NULL,'2014-11-07 00:47:04',0,NULL,NULL),('545c5d59-796c-47e7-843a-0bf1482e8bc2','EDIT','Vote','2',NULL,NULL,NULL,'2014-11-07 00:49:13',2,NULL,NULL),('545c5e77-8908-4a75-85bd-190b482e8bc2','EDIT','Vote','2',NULL,NULL,NULL,'2014-11-07 00:53:59',3,NULL,NULL),('545c5ea0-c628-40ce-ab31-1afc482e8bc2','EDIT','Vote','2',NULL,NULL,NULL,'2014-11-07 00:54:40',1,NULL,NULL),('545c5f13-af78-469f-b757-2016482e8bc2','EDIT','Vote','2',NULL,NULL,NULL,'2014-11-07 00:56:35',3,NULL,NULL),('545c646f-43d8-401a-9e9c-5c81482e8bc2','DELETE','Vote','100',NULL,NULL,NULL,'2014-11-07 01:19:27',0,NULL,NULL),('545c64a8-a61c-40d2-99d0-5f40482e8bc2','DELETE','Vote','99',NULL,NULL,NULL,'2014-11-07 01:20:24',0,NULL,NULL),('545c64d5-212c-435e-b624-618d482e8bc2','CREATE','Voucher','47',NULL,NULL,NULL,'2014-11-07 01:21:09',0,NULL,NULL),('545c6507-16c8-4ecf-b6be-6350482e8bc2','CREATE','Voucher','48',NULL,NULL,NULL,'2014-11-07 01:21:59',0,NULL,NULL),('545c6578-da20-406a-bd63-6791482e8bc2','DELETE','Voucher','48',NULL,NULL,NULL,'2014-11-07 01:23:52',0,NULL,NULL),('545c657a-b920-411b-8462-679d482e8bc2','DELETE','Voucher','47',NULL,NULL,NULL,'2014-11-07 01:23:54',0,NULL,NULL),('545c66b3-6618-4c04-84f5-75b2482e8bc2','CREATE','UserRolesVotes','1',NULL,NULL,NULL,'2014-11-07 01:29:07',0,NULL,NULL),('545c68e1-2a8c-4c72-8675-0ceb482e8bc2','EDIT','Vote','2',NULL,NULL,NULL,'2014-11-07 01:38:25',3,NULL,NULL),('545c69e7-f49c-4d8b-bad5-1724482e8bc2','CREATE','UserRoleVote','13',NULL,NULL,NULL,'2014-11-07 01:42:47',0,NULL,NULL),('545c6a26-8264-49af-a270-1994482e8bc2','EDIT','Vote','2',NULL,NULL,NULL,'2014-11-07 01:43:50',3,NULL,NULL),('545c6a35-561c-43c6-b239-1a35482e8bc2','DELETE','UserRoleVote','13',NULL,NULL,NULL,'2014-11-07 01:44:05',0,NULL,NULL),('545c6a77-94cc-473a-a761-1d6b482e8bc2','EDIT','Vote','2',NULL,NULL,NULL,'2014-11-07 01:45:11',2,NULL,NULL),('545c6aa8-a448-4bcb-86b6-1f37482e8bc2','CREATE','UserRoleVote','14',NULL,NULL,NULL,'2014-11-07 01:46:00',0,NULL,NULL),('545c6aab-fb2c-4291-a019-1f7e482e8bc2','CREATE','Voucher','49',NULL,NULL,NULL,'2014-11-07 01:46:03',0,NULL,NULL),('545c6aec-f06c-4ac0-ad70-21b4482e8bc2','DELETE','UserRoleVote','14',NULL,NULL,NULL,'2014-11-07 01:47:08',0,NULL,NULL),('545c6b00-7984-40eb-87cb-228e482e8bc2','CREATE','Voucher','50',NULL,NULL,NULL,'2014-11-07 01:47:28',0,NULL,NULL),('545c6b3f-f7f8-4b64-84ed-2506482e8bc2','EDIT','Vote','2',NULL,NULL,NULL,'2014-11-07 01:48:31',3,NULL,NULL),('545c6b73-e3f0-4bbd-ac1f-26d7482e8bc2','CREATE','UserRoleVote','15',NULL,NULL,NULL,'2014-11-07 01:49:23',0,NULL,NULL),('545c6bb0-86b8-42a6-baa3-2951482e8bc2','CREATE','Voucher','51',NULL,NULL,NULL,'2014-11-07 01:50:24',0,NULL,NULL),('545c6c07-c2a4-4295-a188-2d9f482e8bc2','CREATE','UserRoleVote','16',NULL,NULL,NULL,'2014-11-07 01:51:51',0,NULL,NULL),('545c6c4b-cdc4-45ab-be25-3055482e8bc2','CREATE','UserRoleVote','17',NULL,NULL,NULL,'2014-11-07 01:52:59',0,NULL,NULL),('5461903f-ae94-42e4-82bd-133c482e8bc2','DELETE','UserRolesVotes','1',NULL,NULL,NULL,'2014-11-10 23:27:43',0,NULL,NULL),('5461905c-4560-47ad-afea-1438482e8bc2','DELETE','UserRoleVote','16',NULL,NULL,NULL,'2014-11-10 23:28:12',0,NULL,NULL),('5461ca60-5c6c-45ef-bb2b-1e80482e8bc2','DELETE','UserRoleVote','15',NULL,NULL,NULL,'2014-11-11 03:35:44',0,NULL,NULL),('5461d97f-0a20-4437-b1db-5975482e8bc2','CREATE','UserRoleVote','18',NULL,NULL,NULL,'2014-11-11 04:40:15',0,NULL,NULL),('5461d98b-1e50-4cc8-a8ea-59ce482e8bc2','DELETE','UserRoleVote','18',NULL,NULL,NULL,'2014-11-11 04:40:27',0,NULL,NULL),('5461db24-6574-4a29-99a0-6707482e8bc2','CREATE','UserRoleVote','19',NULL,NULL,NULL,'2014-11-11 04:47:16',0,NULL,NULL),('5461dc59-ad18-401b-8c11-7479482e8bc2','DELETE','UserRoleVote','19',NULL,NULL,NULL,'2014-11-11 04:52:25',0,NULL,NULL),('546329e9-4844-4b87-ae65-2e53482e8bc2','DELETE','Voucher','49',NULL,NULL,NULL,'2014-11-12 04:35:37',0,NULL,NULL),('54632a72-7aec-4929-ab4b-3296482e8bc2','DELETE','Voucher','50',NULL,NULL,NULL,'2014-11-12 04:37:54',0,NULL,NULL),('54632df7-a048-413a-8c1a-54ae482e8bc2','DELETE','Voucher','51',NULL,NULL,NULL,'2014-11-12 04:52:55',0,NULL,NULL),('54632e7b-0fac-4431-9750-5aa5482e8bc2','DELETE','UserRoleVote','17',NULL,NULL,NULL,'2014-11-12 04:55:07',0,NULL,NULL),('5463413d-7918-4ecf-9865-0160482e8bc2','CREATE','Vote','101',NULL,NULL,NULL,'2014-11-12 06:15:09',0,NULL,NULL),('5463418f-48d8-4afc-beb3-0585482e8bc2','DELETE','Vote','101',NULL,NULL,NULL,'2014-11-12 06:16:31',0,NULL,NULL),('5463465e-58ec-48c9-a331-3668482e8bc2','CREATE','UserRoleVote','20',NULL,NULL,NULL,'2014-11-12 06:37:02',0,NULL,NULL),('5463467a-cfd0-4cef-a734-37ca482e8bc2','DELETE','UserRoleVote','20',NULL,NULL,NULL,'2014-11-12 06:37:30',0,NULL,NULL),('54634ac5-f70c-4fdb-925e-561e482e8bc2','CREATE','UserRoleVote','21',NULL,NULL,NULL,'2014-11-12 06:55:49',0,NULL,NULL),('54644d36-7f54-4fc8-997c-2131482e8bc2','CREATE','Voucher','52',NULL,NULL,NULL,'2014-11-13 01:18:30',0,NULL,NULL),('54645236-b910-41ee-ae29-4c22482e8bc2','DELETE','UserRoleVote','21',NULL,NULL,NULL,'2014-11-13 01:39:50',0,NULL,NULL),('54645259-aeac-4a76-a9b0-4de8482e8bc2','DELETE','Voucher','52',NULL,NULL,NULL,'2014-11-13 01:40:25',0,NULL,NULL),('5464591d-7054-404b-80a6-7ea6482e8bc2','CREATE','UserRoleVote','22',NULL,NULL,NULL,'2014-11-13 02:09:17',0,NULL,NULL),('546463f1-d958-4e16-96fb-59b3482e8bc2','CREATE','UserRoleVote','23',NULL,NULL,NULL,'2014-11-13 02:55:29',0,NULL,NULL),('54646422-1f34-4152-af24-5c22482e8bc2','CREATE','UserRoleVote','24',NULL,NULL,NULL,'2014-11-13 02:56:18',0,NULL,NULL),('54646607-4cb4-4633-a437-6ab6482e8bc2','CREATE','Voucher','53',NULL,NULL,NULL,'2014-11-13 03:04:23',0,NULL,NULL),('54646be5-3240-4f69-bcb0-2276482e8bc2','CREATE','UserRoleVote','25',NULL,NULL,NULL,'2014-11-13 03:29:25',0,NULL,NULL),('54647220-3ebc-4f42-8952-60c8482e8bc2','CREATE','UserRoleVote','26',NULL,NULL,NULL,'2014-11-13 03:56:00',0,NULL,NULL),('5464784c-7df4-4b2c-8e4f-1c5c482e8bc2','CREATE','UserRoleVote','27',NULL,NULL,NULL,'2014-11-13 04:22:20',0,NULL,NULL),('54647875-0f2c-49df-993b-1dcc482e8bc2','CREATE','UserRoleVote','28',NULL,NULL,NULL,'2014-11-13 04:23:01',0,NULL,NULL),('54647cf5-d8f4-4351-84c2-42f4482e8bc2','CREATE','Voucher','54',NULL,NULL,NULL,'2014-11-13 04:42:13',0,NULL,NULL),('546480d3-d5e4-486f-860b-6087482e8bc2','CREATE','UserRolesVotes','2',NULL,NULL,NULL,'2014-11-13 04:58:43',0,NULL,NULL),('546580b6-62c4-4187-8a53-7a28482e8bc2','CREATE','Voucher','55',NULL,NULL,NULL,'2014-11-13 23:10:30',0,NULL,NULL),('546590c7-423c-41c0-9758-7c30482e8bc2','DELETE','Voucher','53',NULL,NULL,NULL,'2014-11-14 00:19:03',0,NULL,NULL),('546590d4-b0d8-44d1-a6b6-7ca7482e8bc2','DELETE','Voucher','54',NULL,NULL,NULL,'2014-11-14 00:19:16',0,NULL,NULL),('546590f8-ed2c-4391-bfe6-7da1482e8bc2','DELETE','Voucher','55',NULL,NULL,NULL,'2014-11-14 00:19:52',0,NULL,NULL),('5465966f-6760-465a-a171-2ebf482e8bc2','CREATE','Voucher','56',NULL,NULL,NULL,'2014-11-14 00:43:11',0,NULL,NULL),('546596a3-13c4-4a7a-85a9-3150482e8bc2','CREATE','Voucher','57',NULL,NULL,NULL,'2014-11-14 00:44:03',0,NULL,NULL),('54659a34-1e98-4478-961c-4f23482e8bc2','CREATE','UserRoleVote','29',NULL,NULL,NULL,'2014-11-14 00:59:16',0,NULL,NULL),('54659a62-66e0-445e-9bf0-5137482e8bc2','CREATE','UserRoleVote','30',NULL,NULL,NULL,'2014-11-14 01:00:02',0,NULL,NULL),('54659a9d-7dec-4f46-93c5-5381482e8bc2','CREATE','UserRoleVote','31',NULL,NULL,NULL,'2014-11-14 01:01:01',0,NULL,NULL),('54659b50-03d8-42ba-84c1-5953482e8bc2','CREATE','UserRoleVote','32',NULL,NULL,NULL,'2014-11-14 01:04:00',0,NULL,NULL),('54659bbc-a13c-4775-88fa-5c92482e8bc2','CREATE','UserRoleVote','33',NULL,NULL,NULL,'2014-11-14 01:05:48',0,NULL,NULL),('54659e3d-c748-4e21-aaf4-6bfd482e8bc2','CREATE','UserRoleVote','34',NULL,NULL,NULL,'2014-11-14 01:16:29',0,NULL,NULL),('546bad6c-ceac-40c5-b12d-5c5a482e8bc2','CREATE','UserRoleVote','35',NULL,NULL,NULL,'2014-11-18 15:34:52',0,NULL,NULL),('546bbc08-f150-4df9-9eef-28b3482e8bc2','CREATE','Voucher','58',NULL,NULL,NULL,'2014-11-18 16:37:12',0,NULL,NULL),('55635da3-6294-4755-b834-282c43de9782','CREATE','Vote','99',NULL,NULL,NULL,'2015-05-25 13:36:35',0,NULL,NULL),('55654c71-f354-43c8-be61-05e743de9782','CREATE','Vote','100',NULL,NULL,NULL,'2015-05-27 00:47:45',0,NULL,NULL),('55654cf6-b9b0-4148-b502-0d0843de9782','CREATE','Vote','101',NULL,NULL,NULL,'2015-05-27 00:49:58',0,NULL,NULL),('55654cf8-8a0c-466b-9d83-0d1743de9782','CREATE','Vote','102',NULL,NULL,NULL,'2015-05-27 00:50:00',0,NULL,NULL),('55654d69-f768-4c43-832f-148243de9782','CREATE','Vote','103',NULL,NULL,NULL,'2015-05-27 00:51:53',0,NULL,NULL),('55654d6b-3c50-43a7-901a-149943de9782','CREATE','Vote','104',NULL,NULL,NULL,'2015-05-27 00:51:55',0,NULL,NULL),('55654dd7-c070-443a-8429-19e643de9782','CREATE','Vote','105',NULL,NULL,NULL,'2015-05-27 00:53:43',0,NULL,NULL),('55654f63-b61c-4dba-b20b-2f0243de9782','CREATE','UserRolesVotes','3',NULL,NULL,NULL,'2015-05-27 01:00:19',0,NULL,NULL),('5565505e-a7bc-4041-bfc0-373043de9782','CREATE','Voucher','59',NULL,NULL,NULL,'2015-05-27 01:04:30',0,NULL,NULL),('55655060-f6c8-4eda-8bc9-373e43de9782','CREATE','Voucher','60',NULL,NULL,NULL,'2015-05-27 01:04:32',0,NULL,NULL),('55655080-46d8-4cd3-8a06-396743de9782','CREATE','Voucher','61',NULL,NULL,NULL,'2015-05-27 01:05:04',0,NULL,NULL),('5565509a-c5bc-4dce-887f-3b4343de9782','CREATE','Voucher','62',NULL,NULL,NULL,'2015-05-27 01:05:30',0,NULL,NULL),('556550a6-99ec-4ead-9131-3b9043de9782','CREATE','Voucher','63',NULL,NULL,NULL,'2015-05-27 01:05:42',0,NULL,NULL),('556550b7-fba0-4608-8624-3c1943de9782','CREATE','Voucher','64',NULL,NULL,NULL,'2015-05-27 01:05:59',0,NULL,NULL),('556550c5-a664-4c74-ad3f-3ca143de9782','CREATE','Voucher','65',NULL,NULL,NULL,'2015-05-27 01:06:13',0,NULL,NULL),('556550fc-a81c-4a38-be40-3e2443de9782','CREATE','Voucher','66',NULL,NULL,NULL,'2015-05-27 01:07:08',0,NULL,NULL),('55655197-772c-4b09-8d4f-436043de9782','CREATE','Voucher','67',NULL,NULL,NULL,'2015-05-27 01:09:43',0,NULL,NULL),('5565532e-761c-44cf-9601-544a43de9782','EDIT','Voucher','61',NULL,NULL,NULL,'2015-05-27 01:16:30',5,NULL,NULL),('5565541d-4cf8-41d2-87d2-5dc943de9782','CREATE','Voucher','68',NULL,NULL,NULL,'2015-05-27 01:20:29',0,NULL,NULL),('5566da75-17b4-485b-a2a5-7c1443de9782','CREATE','Vote','106',NULL,NULL,NULL,'2015-05-28 05:05:57',0,NULL,NULL),('5566dafa-779c-4b7d-b0c9-7ef443de9782','CREATE','Voucher','69',NULL,NULL,NULL,'2015-05-28 05:08:10',0,NULL,NULL),('5566dbce-51d4-48fc-9bd5-079943de9782','CREATE','Vote','107',NULL,NULL,NULL,'2015-05-28 05:11:42',0,NULL,NULL),('5566dc50-2218-46d0-a1e9-0b6743de9782','EDIT','Vote','99',NULL,NULL,NULL,'2015-05-28 05:13:52',2,NULL,NULL),('5566dcf0-bbdc-4ba0-ba5c-0f9243de9782','CREATE','Voucher','70',NULL,NULL,NULL,'2015-05-28 05:16:32',0,NULL,NULL),('5566ded0-4b54-4863-8e6a-199e43de9782','EDIT','Voucher','59',NULL,NULL,NULL,'2015-05-28 05:24:32',6,NULL,NULL),('5566df3e-94a0-46a7-a321-1d3043de9782','CREATE','Voucher','71',NULL,NULL,NULL,'2015-05-28 05:26:22',0,NULL,NULL),('5566e207-72ec-4dec-a3e2-310843de9782','CREATE','UserRolesVotes','4',NULL,NULL,NULL,'2015-05-28 05:38:15',0,NULL,NULL),('5566e25f-dc50-4a32-82c1-330243de9782','CREATE','UserRolesVotes','5',NULL,NULL,NULL,'2015-05-28 05:39:43',0,NULL,NULL),('556be6a4-4d24-4929-8ce8-2c9b43de9782','CREATE','Voucher','72',NULL,NULL,NULL,'2015-06-01 00:59:16',0,NULL,NULL),('556be6c0-88dc-4b69-86fe-2dde43de9782','CREATE','Voucher','73',NULL,NULL,NULL,'2015-06-01 00:59:44',0,NULL,NULL),('556fd322-78dc-4df1-9d65-363743de9782','CREATE','Voucher','74',NULL,NULL,NULL,'2015-06-04 00:25:06',0,NULL,NULL),('556fd350-afe0-4942-a12b-37cc43de9782','CREATE','Voucher','75',NULL,NULL,NULL,'2015-06-04 00:25:52',0,NULL,NULL),('5570f6a0-4c48-49e4-bb57-733a43de9782','CREATE','Voucher','76',NULL,NULL,NULL,'2015-06-04 21:08:48',0,NULL,NULL),('5570f6c8-a9f0-4445-b8eb-748243de9782','CREATE','Voucher','77',NULL,NULL,NULL,'2015-06-04 21:09:28',0,NULL,NULL),('55750c6e-aab8-4805-be48-326843de9782','CREATE','Voucher','78',NULL,NULL,NULL,'2015-06-07 23:30:54',0,NULL,NULL),('55750cba-2090-4f62-8c8d-33f343de9782','CREATE','Voucher','79',NULL,NULL,NULL,'2015-06-07 23:32:10',0,NULL,NULL),('55750e73-43d4-4404-8712-3d9a43de9782','CREATE','Voucher','80',NULL,NULL,NULL,'2015-06-07 23:39:31',0,NULL,NULL),('55755884-1f64-4c34-b8f5-3b3143de9782','CREATE','Voucher','81',NULL,NULL,NULL,'2015-06-08 04:55:32',0,NULL,NULL),('557558ce-9b38-46d2-a9ff-3d8f43de9782','CREATE','Voucher','82',NULL,NULL,NULL,'2015-06-08 04:56:46',0,NULL,NULL),('55755939-b2f0-4a24-9724-3f7b43de9782','CREATE','Voucher','83',NULL,NULL,NULL,'2015-06-08 04:58:33',0,NULL,NULL),('55755a04-eadc-486f-bf27-45bc43de9782','CREATE','Voucher','84',NULL,NULL,NULL,'2015-06-08 05:01:56',0,NULL,NULL),('55755a67-ec14-470c-9da4-47cb43de9782','EDIT','Voucher','59',NULL,NULL,NULL,'2015-06-08 05:03:35',1,NULL,NULL),('55756015-bac8-4323-a1b5-70f543de9782','EDIT','Voucher','60',NULL,NULL,NULL,'2015-06-08 05:27:49',7,NULL,NULL),('5575604e-7668-4615-a19d-722643de9782','EDIT','Voucher','60',NULL,NULL,NULL,'2015-06-08 05:28:46',3,NULL,NULL),('5575624f-a3e8-4fea-bd6c-02cb43de9782','CREATE','Vote','108',NULL,NULL,NULL,'2015-06-08 05:37:19',0,NULL,NULL),('5575632d-84e4-42a5-b56f-08f743de9782','EDIT','Vote','100',NULL,NULL,NULL,'2015-06-08 05:41:01',2,NULL,NULL),('5575651c-e69c-478e-8d68-131443de9782','CREATE','UserRolesVotes','6',NULL,NULL,NULL,'2015-06-08 05:49:16',0,NULL,NULL),('55756557-b034-4f41-95e0-166743de9782','CREATE','UserRolesVotes','7',NULL,NULL,NULL,'2015-06-08 05:50:15',0,NULL,NULL),('55792118-2ea8-4609-bb29-3b2943de9782','CREATE','Vote','109',NULL,NULL,NULL,'2015-06-11 01:48:08',0,NULL,NULL),('557f97d0-576c-465b-ab92-26e643de9782','CREATE','Vote','110',NULL,NULL,NULL,'2015-06-15 23:28:16',0,NULL,NULL),('557f9855-1f5c-4207-acb1-2b3f43de9782','CREATE','Vote','111',NULL,NULL,NULL,'2015-06-15 23:30:29',0,NULL,NULL),('557f990f-9d5c-40f0-991d-2f1b43de9782','DELETE','Vote','99',NULL,NULL,NULL,'2015-06-15 23:33:35',0,NULL,NULL),('557f9933-7048-4025-8b72-302f43de9782','DELETE','Vote','110',NULL,NULL,NULL,'2015-06-15 23:34:11',0,NULL,NULL),('557f9964-18e0-4402-a515-315b43de9782','EDIT','Vote','111',NULL,NULL,NULL,'2015-06-15 23:35:00',3,NULL,NULL),('557f9a19-07d0-4b66-92e5-39e843de9782','CREATE','UserRolesVotes','8',NULL,NULL,NULL,'2015-06-15 23:38:01',0,NULL,NULL),('557f9abd-edb8-4c94-ae48-409443de9782','CREATE','Voucher','85',NULL,NULL,NULL,'2015-06-15 23:40:45',0,NULL,NULL),('557f9aca-b068-4c46-9fb8-410943de9782','CREATE','Voucher','86',NULL,NULL,NULL,'2015-06-15 23:40:58',0,NULL,NULL),('557f9ae3-b998-4793-9819-41a543de9782','CREATE','Voucher','87',NULL,NULL,NULL,'2015-06-15 23:41:23',0,NULL,NULL),('5582e516-19e0-48dc-89f7-4f6b43de9782','EDIT','Voucher','62',NULL,NULL,NULL,'2015-06-18 11:34:46',1,NULL,NULL),('5582e671-f1d4-4733-b613-5bb443de9782','CREATE','Voucher','88',NULL,NULL,NULL,'2015-06-18 11:40:33',0,NULL,NULL),('5582e77c-bcdc-48b0-83d6-624a43de9782','CREATE','Voucher','89',NULL,NULL,NULL,'2015-06-18 11:45:00',0,NULL,NULL),('5582e7c4-fe40-43ff-9a85-661643de9782','CREATE','Voucher','90',NULL,NULL,NULL,'2015-06-18 11:46:12',0,NULL,NULL),('5583abc3-0314-478c-9e56-3bd043de9782','CREATE','Voucher','91',NULL,NULL,NULL,'2015-06-19 01:42:27',0,NULL,NULL),('5583acf8-0794-47d5-805a-440e43de9782','CREATE','Voucher','92',NULL,NULL,NULL,'2015-06-19 01:47:36',0,NULL,NULL),('5583adfe-aeb0-4959-8fba-4ed843de9782','CREATE','Voucher','93',NULL,NULL,NULL,'2015-06-19 01:51:58',0,NULL,NULL),('5588e317-94c8-48cf-ae68-6d9743de9782','CREATE','Voucher','94',NULL,NULL,NULL,'2015-06-23 00:39:51',0,NULL,NULL),('5588e346-31d8-4ffe-ae5e-709143de9782','CREATE','Voucher','95',NULL,NULL,NULL,'2015-06-23 00:40:38',0,NULL,NULL),('5588e396-b3d4-4dec-89da-720e43de9782','CREATE','Vote','112',NULL,NULL,NULL,'2015-06-23 00:41:58',0,NULL,NULL),('5588e3e2-bd24-49ab-b5ba-736243de9782','EDIT','Vote','100',NULL,NULL,NULL,'2015-06-23 00:43:14',2,NULL,NULL),('5594aede-39c8-4212-a41e-168c43de9782','CREATE','Vote','113',NULL,NULL,NULL,'2015-07-01 23:24:14',0,NULL,NULL),('5594af88-d8ec-4542-b41e-1c0643de9782','CREATE','Voucher','96',NULL,NULL,NULL,'2015-07-01 23:27:04',0,NULL,NULL),('5594af93-9eac-4eb9-837c-1c2e43de9782','CREATE','Voucher','97',NULL,NULL,NULL,'2015-07-01 23:27:15',0,NULL,NULL),('5594afcb-927c-4897-bc17-1d5043de9782','CREATE','Voucher','98',NULL,NULL,NULL,'2015-07-01 23:28:11',0,NULL,NULL),('5594afd2-2178-4103-ba11-1d7f43de9782','CREATE','Voucher','99',NULL,NULL,NULL,'2015-07-01 23:28:18',0,NULL,NULL),('5599f6a3-f804-4ff2-8926-7c7343de9782','CREATE','Voucher','100',NULL,NULL,NULL,'2015-07-05 23:31:47',0,NULL,NULL),('5599f6ab-b930-4562-8694-7ce043de9782','CREATE','Voucher','101',NULL,NULL,NULL,'2015-07-05 23:31:55',0,NULL,NULL),('55a4949b-5994-4453-8a9c-2c9343de9782','CREATE','Voucher','102',NULL,NULL,NULL,'2015-07-14 00:48:27',0,NULL,NULL),('55af1d9b-8948-47d3-9637-59fe43de9782','CREATE','Voucher','103',NULL,NULL,NULL,'2015-07-22 00:35:39',0,NULL,NULL),('55b87099-a304-451e-a1b8-3a9e43de9782','CREATE','Voucher','104',NULL,NULL,NULL,'2015-07-29 02:20:09',0,NULL,NULL),('55c03e8b-d99c-4631-be53-0b5e43de9782','CREATE','Voucher','105',NULL,NULL,NULL,'2015-08-04 00:24:43',0,NULL,NULL),('55c03f13-c4a4-4157-80b6-102943de9782','CREATE','Vote','114',NULL,NULL,NULL,'2015-08-04 00:26:59',0,NULL,NULL);
/*!40000 ALTER TABLE `audits` ENABLE KEYS */;
UNLOCK TABLES;

--
-- Table structure for table `login_tokens`
--

DROP TABLE IF EXISTS `login_tokens`;
/*!40101 SET @saved_cs_client     = @@character_set_client */;
/*!40101 SET character_set_client = utf8 */;
CREATE TABLE `login_tokens` (
  `id` int(11) NOT NULL AUTO_INCREMENT,
  `user_id` int(11) NOT NULL,
  `token` char(32) NOT NULL,
  `duration` varchar(32) NOT NULL,
  `used` tinyint(1) NOT NULL DEFAULT '0',
  `created` datetime NOT NULL,
  `expires` datetime NOT NULL,
  PRIMARY KEY (`id`)
) ENGINE=MyISAM AUTO_INCREMENT=237 DEFAULT CHARSET=utf8;
/*!40101 SET character_set_client = @saved_cs_client */;

--
-- Dumping data for table `login_tokens`
--

LOCK TABLES `login_tokens` WRITE;
/*!40000 ALTER TABLE `login_tokens` DISABLE KEYS */;
INSERT INTO `login_tokens` (`id`, `user_id`, `token`, `duration`, `used`, `created`, `expires`) VALUES (1,1,'d9cc36640bf7fdbc97fd129a937a6afe','2 weeks',1,'2014-10-31 05:22:29','2014-11-14 05:22:29'),(2,1,'7f0cc1bb44c4cb07936730d21df41815','2 weeks',0,'2014-10-31 06:24:32','2014-11-14 06:24:32'),(3,1,'533d1127c6e1254ae96769ae325cd769','2 weeks',0,'2014-10-31 06:25:33','2014-11-14 06:25:33'),(4,1,'a93d394ba8c7b6df1be0e8e51ee358b4','2 weeks',1,'2014-10-31 11:05:02','2014-11-14 11:05:02'),(5,1,'7b4528fdb5242367494c406ac35d772a','2 weeks',1,'2014-10-31 12:14:40','2014-11-14 12:14:40'),(6,1,'9c3b2e5bd610f5a8f7ecbf9dad475028','2 weeks',0,'2014-11-01 08:25:49','2014-11-15 08:25:49'),(7,1,'56dac4ef022816220ff4cf0777104307','2 weeks',1,'2014-11-01 08:33:07','2014-11-15 08:33:07'),(8,1,'44e3fd4cbbc0a39e4fdf52c0938cb4e5','2 weeks',1,'2014-11-01 08:33:35','2014-11-15 08:33:35'),(9,1,'d50d099f243f46feb6a2d26f43d1cee1','2 weeks',1,'2014-11-01 22:40:47','2014-11-15 22:40:47'),(10,1,'c3a329749b8921931f54a89d7107d586','2 weeks',1,'2014-11-02 00:19:01','2014-11-16 00:19:01'),(11,1,'b350a9fa2eeee51e847df0854b7c43a4','2 weeks',1,'2014-11-02 01:51:22','2014-11-16 01:51:22'),(12,1,'d444c10fc6439d765ce201a143515203','2 weeks',1,'2014-11-02 02:54:24','2014-11-16 02:54:24'),(13,1,'e784743afa8e168831058c88ae2adfd3','2 weeks',1,'2014-11-02 06:31:55','2014-11-16 06:31:55'),(14,1,'231670e47b27b08872b5fc8feb5b0b1d','2 weeks',0,'2014-11-02 08:19:49','2014-11-16 08:19:49'),(15,1,'04f52991259301f881818f1b80f51bbf','2 weeks',0,'2014-11-02 08:22:32','2014-11-16 08:22:32'),(16,1,'3b07b02f1edd780a82dd4966ddd2db3c','2 weeks',1,'2014-11-02 10:32:51','2014-11-16 10:32:51'),(17,1,'55b9dff5e6b98b8d6bc9d3747bfc33b4','2 weeks',1,'2014-11-02 18:31:00','2014-11-16 18:31:00'),(18,1,'f77803be6d3db8df97c7fd301c0d4cac','2 weeks',0,'2014-11-02 22:53:05','2014-11-16 22:53:05'),(19,16,'001efecb1789c6e0b5616deb81396685','2 weeks',0,'2014-11-02 23:00:37','2014-11-16 23:00:37'),(20,1,'f63eb22b24c37fe938d31dda62813fa1','2 weeks',0,'2014-11-02 23:04:07','2014-11-16 23:04:07'),(21,18,'729590cefd02519fe5208f554cbb1af5','2 weeks',0,'2014-11-02 23:26:53','2014-11-16 23:26:53'),(22,1,'ed6c981c9973a8edccf4408a69f86bf5','2 weeks',0,'2014-11-02 23:29:25','2014-11-16 23:29:25'),(23,14,'fab8d096c0a4e045ebf330bb1b67123c','2 weeks',0,'2014-11-02 23:58:02','2014-11-16 23:58:02'),(24,1,'bf720717eb5ddc7400078773a238bd82','2 weeks',0,'2014-11-03 00:32:32','2014-11-17 00:32:32'),(25,1,'259f5eb89f66aae87e16fafd55256aa0','2 weeks',0,'2014-11-03 00:58:10','2014-11-17 00:58:10'),(26,1,'dfd162853afe3c87f99ff4f488ef3fff','2 weeks',0,'2014-11-03 01:01:19','2014-11-17 01:01:19'),(27,8,'9475c524fb40473843c307ca57caee1a','2 weeks',1,'2014-11-03 01:17:16','2014-11-17 01:17:16'),(28,16,'5a22ac931cc75d624207bc91769918f6','2 weeks',0,'2014-11-03 01:26:38','2014-11-17 01:26:38'),(29,1,'5ec57617b2b22dcea84647de8fa859b4','2 weeks',1,'2014-11-03 01:27:02','2014-11-17 01:27:02'),(30,9,'414b03b15ef209b7b4cdc205b96d654a','2 weeks',0,'2014-11-03 01:28:26','2014-11-17 01:28:26'),(31,1,'0d858219610ab89064009c62c9a7d16f','2 weeks',0,'2014-11-03 01:38:48','2014-11-17 01:38:48'),(32,9,'b2dad48ef0ab98bb98f63fb4079210bc','2 weeks',0,'2014-11-03 01:41:39','2014-11-17 01:41:39'),(33,9,'e5272085b3019134ec18e66cf335554f','2 weeks',1,'2014-11-03 01:42:36','2014-11-17 01:42:36'),(34,1,'64929bcbf84425776a95aa53d06103fb','2 weeks',1,'2014-11-03 01:47:36','2014-11-17 01:47:36'),(35,1,'dbfa9067d24f2d9adf61c35baff4d2b3','2 weeks',0,'2014-11-03 01:58:23','2014-11-17 01:58:23'),(36,1,'1ded8d37cf188d1deab1899567131715','2 weeks',1,'2014-11-03 03:04:16','2014-11-17 03:04:16'),(37,1,'747386a42ee820c9a0bc5b3081fdae2c','2 weeks',1,'2014-11-03 03:04:16','2014-11-17 03:04:16'),(38,13,'63774053b0b1162ec3a613eb9f7f79c7','2 weeks',1,'2014-11-03 04:00:44','2014-11-17 04:00:44'),(39,1,'502c80225803f40de2326355e7f205a2','2 weeks',0,'2014-11-03 05:10:29','2014-11-17 05:10:29'),(40,1,'7f68196a16f1d9d819c0503c8eafb5ec','2 weeks',0,'2014-11-03 05:14:58','2014-11-17 05:14:58'),(41,13,'c5e059bcdfe2a6b6e4ca0be3d67e01cc','2 weeks',0,'2014-11-03 05:15:40','2014-11-17 05:15:40'),(42,9,'9d8076c87a8562291160b07f012bee04','2 weeks',0,'2014-11-03 09:49:42','2014-11-17 09:49:42'),(43,1,'ec5920f57d166af4f81c42cc5c4367db','2 weeks',1,'2014-11-03 09:50:21','2014-11-17 09:50:21'),(44,13,'0a0b61ad8504c027f2e4ec5c37f8a102','2 weeks',0,'2014-11-03 09:51:10','2014-11-17 09:51:10'),(45,1,'d81d5b9f42844f0ce53a476f2771f21d','2 weeks',0,'2014-11-03 22:52:41','2014-11-17 22:52:41'),(46,1,'16c241abc8cae2cf1a6ad29d16a570c5','2 weeks',0,'2014-11-04 01:10:18','2014-11-18 01:10:18'),(47,1,'80e63bf69b63d217740cbc5fa6554ecb','2 weeks',0,'2014-11-04 10:39:20','2014-11-18 10:39:20'),(48,23,'fefc88cd391d833cd24efc80c9be0443','2 weeks',1,'2014-11-04 13:06:33','2014-11-18 13:06:33'),(49,1,'aa2f3cf579e4cde822fc035bc296a144','2 weeks',1,'2014-11-04 13:14:27','2014-11-18 13:14:27'),(50,23,'39be42d378eec89e2a8467b5027991d8','2 weeks',1,'2014-11-04 14:40:42','2014-11-18 14:40:42'),(51,13,'13fdaeaacce0ed0c85a1140f87804cea','2 weeks',0,'2014-11-04 16:15:05','2014-11-18 16:15:05'),(52,12,'227a8a7b8885c9cb332fbfa320a2888b','2 weeks',0,'2014-11-04 16:18:27','2014-11-18 16:18:27'),(53,13,'4146fa21895681d0efb1c96d23ab74ca','2 weeks',1,'2014-11-04 16:33:33','2014-11-18 16:33:33'),(54,12,'fd5c0af20a4779593fa4297abb29f147','2 weeks',1,'2014-11-04 16:40:12','2014-11-18 16:40:12'),(55,1,'0af955a40835063ca8781f4fd22745f9','2 weeks',0,'2014-11-04 18:30:32','2014-11-18 18:30:32'),(56,23,'02d84ae491f5fefc4c9e4cd4311888da','2 weeks',1,'2014-11-04 18:42:04','2014-11-18 18:42:04'),(57,23,'98c96856ff10271c187227cc08fa2240','2 weeks',0,'2014-11-04 23:51:39','2014-11-18 23:51:39'),(58,1,'b0ed9bdb6f92f69c3e38116feb5bba74','2 weeks',1,'2014-11-05 00:03:06','2014-11-19 00:03:06'),(59,1,'4d7675c992d667102944de7796b46b10','2 weeks',0,'2014-11-05 00:08:52','2014-11-19 00:08:52'),(60,1,'d75e38e22ce26b425b70d5d21e1a6178','2 weeks',0,'2014-11-05 00:14:46','2014-11-19 00:14:46'),(61,1,'0c4e597d4bcfeabbec77fb67b6bf201e','2 weeks',0,'2014-11-05 00:17:08','2014-11-19 00:17:08'),(62,1,'9b2af100bef59425138ebe4510cdad6a','2 weeks',1,'2014-11-05 00:25:49','2014-11-19 00:25:49'),(63,23,'8ddee25d0e34d8259075aa9786374e0c','2 weeks',0,'2014-11-05 00:32:03','2014-11-19 00:32:03'),(64,13,'8ec99208a63ee9bb5d9a14d4e4bbeb2d','2 weeks',0,'2014-11-05 00:34:04','2014-11-19 00:34:04'),(65,12,'fe0d9fd7db2bd38e26d14b82a88a6980','2 weeks',0,'2014-11-05 00:34:51','2014-11-19 00:34:51'),(66,13,'a16140951fb862ba0119c8705d111673','2 weeks',0,'2014-11-05 00:39:55','2014-11-19 00:39:55'),(67,1,'5e38c90753c5dff37117fa9d910ce9e1','2 weeks',0,'2014-11-05 00:40:10','2014-11-19 00:40:10'),(68,23,'7a979b033abf2cf8df52c4a8b3bbce0b','2 weeks',0,'2014-11-05 00:40:49','2014-11-19 00:40:49'),(69,12,'3fe07cf398d0d234d947a41dc928716d','2 weeks',0,'2014-11-05 00:57:39','2014-11-19 00:57:39'),(70,13,'a57358fee50502805c1a377ef4937559','2 weeks',1,'2014-11-05 01:05:13','2014-11-19 01:05:13'),(71,1,'91d6ad811dbc7da6ddb53fbcd171e26a','2 weeks',1,'2014-11-05 01:10:53','2014-11-19 01:10:53'),(72,12,'a9b0fefbd40fd2bf1f3d1d875efd11ba','2 weeks',0,'2014-11-05 02:09:00','2014-11-19 02:09:00'),(73,23,'13e009addc75c5a2fecef7ae921d532f','2 weeks',1,'2014-11-05 02:28:58','2014-11-19 02:28:58'),(74,23,'a61bcb9913848cc4d8d2083b3a461df5','2 weeks',0,'2014-11-05 02:30:55','2014-11-19 02:30:55'),(75,23,'52b3785abd9b63e1143d766275a939f7','2 weeks',0,'2014-11-05 02:36:18','2014-11-19 02:36:18'),(76,12,'e3031c1c533b1045a4abd3532d4cc2fc','2 weeks',1,'2014-11-05 02:36:56','2014-11-19 02:36:56'),(77,23,'26abee404e57f2e301ee207e72738acb','2 weeks',1,'2014-11-05 02:40:47','2014-11-19 02:40:47'),(78,1,'80086d45b456be54ea92d32c4f838a09','2 weeks',0,'2014-11-05 04:03:01','2014-11-19 04:03:01'),(79,1,'c923f8d29fa13c6390d2cbc558cfcd17','2 weeks',0,'2014-11-05 04:03:01','2014-11-19 04:03:01'),(80,1,'cd10d052d9d356ce80d988778a300668','2 weeks',1,'2014-11-05 04:03:58','2014-11-19 04:03:58'),(81,23,'6c717dbc97ebaae5f4e6040d6b633a80','2 weeks',0,'2014-11-05 04:17:49','2014-11-19 04:17:49'),(82,23,'34e3cb9d7927ef16d7a3f875d728f782','2 weeks',1,'2014-11-05 04:20:43','2014-11-19 04:20:43'),(83,12,'dd29cb1569a8e09c1f297c0f1176ba16','2 weeks',0,'2014-11-05 04:26:44','2014-11-19 04:26:44'),(84,1,'1d7394e38a901ba96bf1ac0c6f9d4457','2 weeks',1,'2014-11-05 04:43:09','2014-11-19 04:43:09'),(85,13,'90beac5be1068b9cf8720787218a2acc','2 weeks',1,'2014-11-05 05:03:58','2014-11-19 05:03:58'),(86,13,'689af41175396cfc6d7ac60533323e17','2 weeks',0,'2014-11-05 05:12:43','2014-11-19 05:12:43'),(87,1,'4d45f089f06783cb7942f9e6c0eac0f6','2 weeks',1,'2014-11-05 05:24:23','2014-11-19 05:24:23'),(88,23,'24a89d58b75246012901179c0247a1e8','2 weeks',0,'2014-11-05 09:33:46','2014-11-19 09:33:46'),(89,1,'ad7d437ccaa2ce961e04fc466c81ddfd','2 weeks',1,'2014-11-05 09:34:23','2014-11-19 09:34:23'),(90,1,'78506da27a2bdf6d6508ca542307824f','2 weeks',1,'2014-11-05 22:46:16','2014-11-19 22:46:16'),(91,1,'0ed4e3524718353f1a187df9fd1bf187','2 weeks',0,'2014-11-06 01:33:23','2014-11-20 01:33:23'),(92,9,'24748ae12767ad01d0d6767fa391c8f8','2 weeks',0,'2014-11-06 01:34:05','2014-11-20 01:34:05'),(93,1,'775d91d55ffb56a2d63c0d1eed69e408','2 weeks',1,'2014-11-06 02:46:30','2014-11-20 02:46:30'),(94,1,'c39725a51d7be1775e84a948667f9917','2 weeks',1,'2014-11-06 05:24:50','2014-11-20 05:24:50'),(95,1,'8dc9a6f4e75fc2746bfa562ef7b8df6d','2 weeks',1,'2014-11-06 05:40:04','2014-11-20 05:40:04'),(96,9,'5767b699525ab1c333fb2cd364652857','2 weeks',0,'2014-11-06 08:14:56','2014-11-20 08:14:56'),(97,13,'b7af8b9068ec7f15385567cb3f970b2c','2 weeks',1,'2014-11-06 08:17:09','2014-11-20 08:17:09'),(98,8,'a0fcbbd1d916a33cad2562562c9ecd57','2 weeks',0,'2014-11-06 08:22:19','2014-11-20 08:22:19'),(99,1,'35cb4590413dfc519d49bf77a9f29536','2 weeks',1,'2014-11-06 10:53:18','2014-11-20 10:53:18'),(100,1,'54633519c8f39d95a73f55b9af146c2b','2 weeks',1,'2014-11-06 22:47:34','2014-11-20 22:47:34'),(101,13,'fc06bb72da9b4b2d3641b551d94c90e0','2 weeks',0,'2014-11-06 22:56:46','2014-11-20 22:56:46'),(102,9,'6d432aafbf2a6819f6e53823fe078cdb','2 weeks',0,'2014-11-06 23:02:22','2014-11-20 23:02:22'),(103,1,'5f75bb9d75bc5d70061ad575d657b3a6','2 weeks',1,'2014-11-06 23:02:53','2014-11-20 23:02:53'),(104,1,'f374190298eb3ef820853893bc265181','2 weeks',0,'2014-11-06 23:03:45','2014-11-20 23:03:45'),(105,13,'67af49ce0ed338255a413f863abfcdc9','2 weeks',0,'2014-11-06 23:05:15','2014-11-20 23:05:15'),(106,1,'47a99887be499bbd1ccedc04722acb98','2 weeks',0,'2014-11-06 23:06:14','2014-11-20 23:06:14'),(107,23,'a59c049caf49946dc596604098893b9e','2 weeks',0,'2014-11-06 23:07:19','2014-11-20 23:07:19'),(108,23,'e48a43ba48f351d709f1814a0d892ac5','2 weeks',0,'2014-11-06 23:07:34','2014-11-20 23:07:34'),(109,13,'986ebd6bf2fcad82793d0a827dda59e1','2 weeks',1,'2014-11-06 23:10:41','2014-11-20 23:10:41'),(110,1,'b24dc87b518b07e3c9c238e3f2bda8c7','2 weeks',0,'2014-11-06 23:32:51','2014-11-20 23:32:51'),(111,24,'5bc51b306fdc9a7dc460a0f14e80daa6','2 weeks',0,'2014-11-07 00:02:14','2014-11-21 00:02:14'),(112,25,'168b9979533deb8c44832acb331a361f','2 weeks',1,'2014-11-07 00:15:57','2014-11-21 00:15:57'),(113,1,'ea0b80f839e6070139366b6ea67e1fb6','2 weeks',1,'2014-11-07 00:40:52','2014-11-21 00:40:52'),(114,25,'4c8667f2ee4f2d8de052794a3cdcfdfd','2 weeks',0,'2014-11-07 04:57:56','2014-11-21 04:57:56'),(115,1,'7bc805ab065ac11e68eeda5b59ed8212','2 weeks',1,'2014-11-10 06:19:01','2014-11-24 06:19:01'),(116,8,'4df037245632913df3b5b52ccd5cdf8c','2 weeks',0,'2014-11-10 22:27:59','2014-11-24 22:27:59'),(117,1,'28a119b0799888a83a6c4799132e3278','2 weeks',1,'2014-11-10 23:25:29','2014-11-24 23:25:29'),(118,23,'99c58e3792ec65161e279c4866438124','2 weeks',0,'2014-11-10 23:26:40','2014-11-24 23:26:40'),(119,1,'8b588b449a0e310a014e709d7fb82cd9','2 weeks',0,'2014-11-11 03:32:25','2014-11-25 03:32:25'),(120,1,'fea3f8f2a4f0763a33ee48bd05754175','2 weeks',1,'2014-11-11 03:34:36','2014-11-25 03:34:36'),(121,1,'f679b558b910d59117d435f65d87bd11','2 weeks',1,'2014-11-11 04:39:19','2014-11-25 04:39:19'),(122,1,'3dfc9a968bad8d067e84c66c67bace7a','2 weeks',1,'2014-11-12 00:28:23','2014-11-26 00:28:23'),(123,1,'8a1340e6c905dc8326864fe9b0af99c9','2 weeks',1,'2014-11-12 04:24:12','2014-11-26 04:24:12'),(124,23,'3ab2f52e369c21f5f0926e17c89888f8','2 weeks',0,'2014-11-12 04:25:19','2014-11-26 04:25:19'),(125,1,'68f44bae55e2164edce434fc9eecd1e8','2 weeks',0,'2014-11-12 04:26:48','2014-11-26 04:26:48'),(126,1,'d16844326b7286194fc1e6ed57ed59e1','2 weeks',1,'2014-11-12 04:27:25','2014-11-26 04:27:25'),(127,1,'4bf43007380d163cd66797e0193b8593','2 weeks',0,'2014-11-12 05:09:10','2014-11-26 05:09:10'),(128,1,'868000f3021002f912d14a5468412f78','2 weeks',1,'2014-11-12 05:50:39','2014-11-26 05:50:39'),(129,1,'4ed98369f1a1cb605d0cf13dc48aae0a','2 weeks',1,'2014-11-12 22:18:25','2014-11-26 22:18:25'),(130,1,'722b50e2f903d50c299a7eda171d3891','2 weeks',0,'2014-11-12 22:18:41','2014-11-26 22:18:41'),(131,1,'8983d10ba55f2eea4775be278d0bba02','2 weeks',1,'2014-11-12 22:18:49','2014-11-26 22:18:49'),(132,1,'9edfbc8be4b02f6455fc51c63852ae82','2 weeks',0,'2014-11-12 22:31:44','2014-11-26 22:31:44'),(133,1,'c961d71a93fb0119d69b66690f79fbf1','2 weeks',0,'2014-11-12 22:32:31','2014-11-26 22:32:31'),(134,1,'831c3d8002ead81feb3b89d4e439b8c2','2 weeks',0,'2014-11-12 22:39:49','2014-11-26 22:39:49'),(135,1,'b049eeabb4f36f12261efe201078882c','2 weeks',1,'2014-11-13 00:29:48','2014-11-27 00:29:48'),(136,1,'74d66bb0e077782f23f61fe4b9658f3f','2 weeks',1,'2014-11-13 02:44:04','2014-11-27 02:44:04'),(137,1,'3844df8756cfc1a7782142ede13c19f5','2 weeks',0,'2014-11-13 08:15:56','2014-11-27 08:15:56'),(138,1,'0f7551a04325c747e08a679e92c58732','2 weeks',0,'2014-11-13 10:25:14','2014-11-27 10:25:14'),(139,1,'58eb9ea49182a3cf2f0784379c9f7592','2 weeks',0,'2014-11-13 10:33:40','2014-11-27 10:33:40'),(140,1,'b1568ab410301873a58affddfd9e282e','2 weeks',0,'2014-11-13 12:02:04','2014-11-27 12:02:04'),(141,13,'df12c005de43c9368b890c06b32a8ba7','2 weeks',0,'2014-11-13 12:39:31','2014-11-27 12:39:31'),(142,8,'5b83079740cb2803c8565a4815e7d8cb','2 weeks',0,'2014-11-13 12:40:48','2014-11-27 12:40:48'),(143,9,'3fb7c3e8e609f17d1b4a26cc8ae19390','2 weeks',0,'2014-11-13 12:44:54','2014-11-27 12:44:54'),(144,13,'67f75bc6ea70f6447fb2fecc0d55d117','2 weeks',0,'2014-11-13 12:51:16','2014-11-27 12:51:16'),(145,12,'020e1806f17fff87b36e16cd43354ca9','2 weeks',0,'2014-11-13 12:55:31','2014-11-27 12:55:31'),(146,9,'b387897cb2b04eb04c55f25a7dfe9c83','2 weeks',0,'2014-11-13 13:02:04','2014-11-27 13:02:04'),(147,1,'b5374a0ac218b32ac10d163cbb1c25ba','2 weeks',0,'2014-11-13 23:03:19','2014-11-27 23:03:19'),(148,1,'60f36a4f110a34df319f3233d9aee146','2 weeks',0,'2014-11-13 23:06:15','2014-11-27 23:06:15'),(149,1,'4a5a190f452f070acb67259efab3adde','2 weeks',0,'2014-11-13 23:21:30','2014-11-27 23:21:30'),(150,23,'4da01e9ffc1f9989178174fd75a4a02e','2 weeks',0,'2014-11-14 00:20:16','2014-11-28 00:20:16'),(151,1,'22ca3e011a21299307a0559a6a9ffe15','2 weeks',0,'2014-11-14 03:38:16','2014-11-28 03:38:16'),(152,1,'5ccfbe9920a2e440db12e44e34bfa4e8','2 weeks',0,'2014-11-14 04:06:46','2014-11-28 04:06:46'),(153,1,'92e14e8760ba32d2deb534b5c589065a','2 weeks',1,'2014-11-14 20:32:54','2014-11-28 20:32:54'),(154,1,'77ad4583c035b9acdb75c8992804eba0','2 weeks',0,'2014-11-14 21:57:44','2014-11-28 21:57:44'),(155,1,'d1bdedb8df4ca9971d891afe991ac9c6','2 weeks',1,'2014-11-14 21:58:19','2014-11-28 21:58:19'),(156,1,'f5a51160fec78a697cd56e211accb8a1','2 weeks',1,'2014-11-14 22:31:16','2014-11-28 22:31:16'),(157,1,'cbce6181ab26d17b16c01418a0753751','2 weeks',0,'2014-11-15 06:16:50','2014-11-29 06:16:50'),(158,23,'19c37b37b81a7e8f12fd1e43baed3345','2 weeks',0,'2014-11-15 07:56:53','2014-11-29 07:56:53'),(159,12,'1282e48111eee4729284da5432240cea','2 weeks',0,'2014-11-15 08:05:40','2014-11-29 08:05:40'),(160,23,'ecd34f674d92dec2115cd0a50c2deb47','2 weeks',0,'2014-11-15 08:58:31','2014-11-29 08:58:31'),(161,13,'3e03a0b62d653441e3f614f044ad4196','2 weeks',0,'2014-11-15 09:10:49','2014-11-29 09:10:49'),(162,12,'515bc56827994df3bfb47a0ea80e3ff6','2 weeks',1,'2014-11-15 10:13:14','2014-11-29 10:13:14'),(163,1,'343b9733cd8df339c2fcb7bdf22be9b8','2 weeks',0,'2014-11-15 13:31:42','2014-11-29 13:31:42'),(164,12,'110743234bcd44e404c90569dbc8eeef','2 weeks',0,'2014-11-15 21:01:28','2014-11-29 21:01:28'),(165,1,'33a4973876e0c45e3f673c61e9cdf658','2 weeks',0,'2014-11-15 22:32:44','2014-11-29 22:32:44'),(166,1,'bbf353241936348c677c41055ca544a5','2 weeks',0,'2014-11-15 22:56:01','2014-11-29 22:56:01'),(167,23,'d97e395dd217a45a8e11a65b02f32bdf','2 weeks',0,'2014-11-15 22:59:15','2014-11-29 22:59:15'),(168,13,'b916f8c20a243e857afd6c50cc4946c0','2 weeks',0,'2014-11-15 23:08:10','2014-11-29 23:08:10'),(169,12,'129c9e957b24317c0d1e75c58d4c144f','2 weeks',1,'2014-11-15 23:11:13','2014-11-29 23:11:13'),(170,1,'ca2305d0bd3a1160b2b015cd842c501e','2 weeks',1,'2014-11-15 23:31:17','2014-11-29 23:31:17'),(171,1,'8215475b218c77ddceb175f0a9da7067','2 weeks',0,'2014-11-16 00:33:46','2014-11-30 00:33:46'),(172,1,'ee5a5322bc8f0a97679cae35ff0aa747','2 weeks',1,'2014-11-16 01:03:43','2014-11-30 01:03:43'),(173,1,'35548393329cad8d8399043525ce58f9','2 weeks',1,'2014-11-16 05:07:43','2014-11-30 05:07:43'),(174,1,'d91fe9177dc6ea286375cdc7145dc55b','2 weeks',0,'2014-11-16 08:06:56','2014-11-30 08:06:56'),(175,1,'fbe8b5b53e61a1acd9ab0b2d0d824eca','2 weeks',0,'2014-11-16 09:40:54','2014-11-30 09:40:54'),(176,23,'9c8691e27cb6ba146df0ffc90772ad22','2 weeks',0,'2014-11-16 12:57:45','2014-11-30 12:57:45'),(177,1,'2d01f45145992621f602817d6cf723cb','2 weeks',1,'2014-11-16 13:03:40','2014-11-30 13:03:40'),(178,1,'63c21fc51b861b57bfebf678c528e7f3','2 weeks',1,'2014-11-16 13:51:58','2014-11-30 13:51:58'),(179,12,'c116af2771f95f38eb79a101bf35839b','2 weeks',0,'2014-11-16 20:13:33','2014-11-30 20:13:33'),(180,1,'b5361730e0ed92bfd9a658026714fc40','2 weeks',0,'2014-11-16 20:25:08','2014-11-30 20:25:08'),(181,23,'981d0adb2a54ef646daf45d45a76c647','2 weeks',0,'2014-11-16 20:27:13','2014-11-30 20:27:13'),(182,1,'15961ccb10e42e379c14de038e5e9e5e','2 weeks',1,'2014-11-17 02:35:14','2014-12-01 02:35:14'),(183,1,'e9d37dac57c1ce009d5ca817be08f041','2 weeks',0,'2014-11-18 15:22:06','2014-12-02 15:22:06'),(184,1,'4466d23b21c563de7187cf3f7bfe7a8f','2 weeks',0,'2014-11-18 22:17:38','2014-12-02 22:17:38'),(185,1,'bb4c6bcbd839cd5861df52cd6904ba17','2 weeks',0,'2014-11-20 04:15:02','2014-12-04 04:15:02'),(186,1,'d13a1cbc431b4d9a388051021882606b','2 weeks',0,'2014-11-21 04:26:45','2014-12-05 04:26:45'),(187,1,'9cf43f79f53c8bacb78d0ca80de04a18','2 weeks',1,'2014-12-01 01:04:57','2014-12-15 01:04:57'),(188,1,'2ddfb72b0d0bfd5eee69e0ce61df64a3','2 weeks',0,'2014-12-01 01:52:10','2014-12-15 01:52:10'),(189,1,'21ca84af458fa9a17d0b5b01b1bb2f8e','2 weeks',1,'2014-12-02 04:56:46','2014-12-16 04:56:46'),(190,1,'173cc3e6755019d68c7a96fc44f9790f','2 weeks',0,'2014-12-02 23:50:03','2014-12-16 23:50:03'),(191,1,'65121156ede2d4678e602f9c8715f997','2 weeks',0,'2014-12-03 01:57:33','2014-12-17 01:57:33'),(192,28,'c56f028b9848e90e6fd726bb513ce443','2 weeks',0,'2014-12-03 02:05:10','2014-12-17 02:05:10'),(193,27,'9f1c0d5514f919c3419e0de2b439ba7d','2 weeks',0,'2014-12-03 02:06:15','2014-12-17 02:06:15'),(194,1,'cf8bf550ed99f86624f1de1c0c7eb91c','2 weeks',0,'2014-12-03 02:54:26','2014-12-17 02:54:26'),(195,1,'42e279c809c43345eecc64f2d829cecb','2 weeks',1,'2014-12-03 04:57:52','2014-12-17 04:57:52'),(196,1,'639cea177aed41d73b96dcbce64d3f8a','2 weeks',0,'2014-12-04 01:27:39','2014-12-18 01:27:39'),(197,1,'4046e8fb5713fe0fdf2f3fe973289255','2 weeks',0,'2014-12-11 03:41:04','2014-12-25 03:41:04'),(198,1,'6a67f28d4520dc1fb39bc9d21eb336f4','2 weeks',0,'2014-12-29 03:43:18','2015-01-12 03:43:18'),(199,1,'06af372e6278279901948108715a7829','2 weeks',0,'2015-05-21 07:35:09','2015-06-04 07:35:09'),(200,1,'f484f509d084fd3a7d160dde007b67ae','2 weeks',1,'2015-05-21 10:20:11','2015-06-04 10:20:11'),(201,1,'45dd94ca501a4c685508356491c26ab4','2 weeks',0,'2015-05-22 14:06:23','2015-06-05 14:06:23'),(202,1,'461ac3a0a0a48e56ecfe555a60e68cc8','2 weeks',1,'2015-05-22 14:06:38','2015-06-05 14:06:38'),(203,1,'160618c05910aca0f070ac0ea8878959','2 weeks',0,'2015-05-25 00:00:32','2015-06-08 00:00:32'),(204,1,'17a43dc22310b17b16e7fcee7f884a27','2 weeks',0,'2015-05-25 00:01:03','2015-06-08 00:01:03'),(205,1,'8d1fcf20fb00bf664425d3b8896648a2','2 weeks',0,'2015-05-25 00:01:21','2015-06-08 00:01:21'),(206,1,'a75a41e256f9e2d2c11ce66238707921','2 weeks',1,'2015-05-25 01:09:00','2015-06-08 01:09:00'),(207,1,'b834ea374453ce4d19ae5bd44402c918','2 weeks',1,'2015-05-25 13:35:30','2015-06-08 13:35:30'),(208,1,'0af94c0907ae087ba5ecd78f5685ecf8','2 weeks',0,'2015-05-27 00:12:51','2015-06-10 00:12:51'),(209,27,'7a8548b6925b2f2e98ed3ea6e3fccdfa','2 weeks',0,'2015-05-27 00:13:22','2015-06-10 00:13:22'),(210,1,'e2148eead7e25d2764e02ab8bf829e7c','2 weeks',0,'2015-05-27 00:14:38','2015-06-10 00:14:38'),(211,1,'bd251afa252410d025281ed0846ecc88','2 weeks',1,'2015-05-27 00:37:03','2015-06-10 00:37:03'),(212,1,'2166334afdc780737a3d9ad91dd65e7a','2 weeks',0,'2015-05-27 01:08:29','2015-06-10 01:08:29'),(213,1,'bcb095f5c9781e7619d3acfd56afcc6b','2 weeks',0,'2015-05-28 05:01:18','2015-06-11 05:01:18'),(214,1,'616768e65e519ba0f9c76ce761cb1d52','2 weeks',1,'2015-05-31 23:43:47','2015-06-14 23:43:47'),(215,1,'885e25ff233d8cb084f098d6b85f4082','2 weeks',1,'2015-06-01 04:15:10','2015-06-15 04:15:10'),(216,1,'c6e744ae15f7bc837aa8fb63bbdcd903','2 weeks',1,'2015-06-01 04:56:06','2015-06-15 04:56:06'),(217,1,'2aa75501dd7ffcd56ede012eb75bdd3f','2 weeks',1,'2015-06-04 00:23:03','2015-06-18 00:23:03'),(218,1,'0062a933c50b76914a4317f6f2794c0e','2 weeks',1,'2015-06-04 11:46:21','2015-06-18 11:46:21'),(219,1,'f895b1818d8f5695bfe7561debd0342e','2 weeks',0,'2015-06-04 20:36:59','2015-06-18 20:36:59'),(220,1,'93fff445fded432e43fd678d97d685c2','2 weeks',0,'2015-06-07 23:23:56','2015-06-21 23:23:56'),(221,1,'c02826d759c4f246799631033f748252','2 weeks',1,'2015-06-07 23:32:56','2015-06-21 23:32:56'),(222,1,'d81917a7e839f8f10ffec5e017bda960','2 weeks',0,'2015-06-08 04:52:09','2015-06-22 04:52:09'),(223,1,'0186918de8098fe5bc487fbd513f714d','2 weeks',0,'2015-06-09 23:22:47','2015-06-23 23:22:47'),(224,1,'98de2b16b015c8c63cc9807352e5b4f3','2 weeks',1,'2015-06-11 01:46:42','2015-06-25 01:46:42'),(225,1,'d32bd2ba7e66794518abf238484223ee','2 weeks',1,'2015-06-15 23:26:20','2015-06-29 23:26:20'),(226,1,'48b2b2f3dcf798a34859d39573156a03','2 weeks',1,'2015-06-16 00:23:04','2015-06-30 00:23:04'),(227,1,'663a3801e92fe724df17211297ae92bf','2 weeks',1,'2015-06-18 11:31:38','2015-07-02 11:31:38'),(228,1,'b6845cd442a8c0e7fe8f721506983b7d','2 weeks',0,'2015-06-19 01:41:48','2015-07-03 01:41:48'),(229,23,'026d4f75a247266199d2b2875a627cd7','2 weeks',0,'2015-06-19 01:50:50','2015-07-03 01:50:50'),(230,1,'3c13af21b19b2f384504bdf78ad6ed5d','2 weeks',1,'2015-06-23 00:38:42','2015-07-07 00:38:42'),(231,1,'6d6fe8bc75dd97baf2e0c1617d871616','2 weeks',0,'2015-07-01 23:22:18','2015-07-15 23:22:18'),(232,1,'a083ea7facdf04d238f253e71f0c4ad1','2 weeks',1,'2015-07-05 23:30:25','2015-07-19 23:30:25'),(233,1,'406f912cc84b8fb3ff200e1d3a9ca82e','2 weeks',1,'2015-07-14 00:46:54','2015-07-28 00:46:54'),(234,1,'9e5d83d2215d4351e9fb639b2e4b2379','2 weeks',1,'2015-07-22 00:33:35','2015-08-05 00:33:35'),(235,1,'1ce25b3bff035cd8d348dcbe1835fac5','2 weeks',1,'2015-07-29 02:19:21','2015-08-12 02:19:21'),(236,1,'dda8bc1407719b152a6d44c3dc7f4ed0','2 weeks',0,'2015-08-04 00:22:02','2015-08-18 00:22:02');
/*!40000 ALTER TABLE `login_tokens` ENABLE KEYS */;
UNLOCK TABLES;

--
-- Table structure for table `user_group_permissions`
--

DROP TABLE IF EXISTS `user_group_permissions`;
/*!40101 SET @saved_cs_client     = @@character_set_client */;
/*!40101 SET character_set_client = utf8 */;
CREATE TABLE `user_group_permissions` (
  `id` int(10) unsigned NOT NULL AUTO_INCREMENT,
  `user_group_id` int(10) unsigned NOT NULL,
  `controller` varchar(50) CHARACTER SET latin1 COLLATE latin1_general_ci NOT NULL,
  `action` varchar(100) CHARACTER SET latin1 COLLATE latin1_general_ci NOT NULL,
  `allowed` tinyint(1) unsigned NOT NULL DEFAULT '1',
  PRIMARY KEY (`id`)
) ENGINE=InnoDB AUTO_INCREMENT=543 DEFAULT CHARSET=latin1;
/*!40101 SET character_set_client = @saved_cs_client */;

--
-- Dumping data for table `user_group_permissions`
--

LOCK TABLES `user_group_permissions` WRITE;
/*!40000 ALTER TABLE `user_group_permissions` DISABLE KEYS */;
INSERT INTO `user_group_permissions` (`id`, `user_group_id`, `controller`, `action`, `allowed`) VALUES (1,1,'Pages','display',1),(2,2,'Pages','display',0),(3,3,'Pages','display',1),(4,1,'UserGroupPermissions','index',1),(5,2,'UserGroupPermissions','index',0),(6,3,'UserGroupPermissions','index',0),(7,1,'UserGroupPermissions','update',1),(8,2,'UserGroupPermissions','update',0),(9,3,'UserGroupPermissions','update',0),(10,1,'UserGroups','index',1),(11,2,'UserGroups','index',0),(12,3,'UserGroups','index',0),(13,1,'UserGroups','addGroup',1),(14,2,'UserGroups','addGroup',0),(15,3,'UserGroups','addGroup',0),(16,1,'UserGroups','editGroup',1),(17,2,'UserGroups','editGroup',0),(18,3,'UserGroups','editGroup',0),(19,1,'UserGroups','deleteGroup',1),(20,2,'UserGroups','deleteGroup',0),(21,3,'UserGroups','deleteGroup',0),(22,1,'Users','index',1),(23,2,'Users','index',0),(24,3,'Users','index',0),(25,1,'Users','viewUser',1),(26,2,'Users','viewUser',0),(27,3,'Users','viewUser',0),(28,1,'Users','myprofile',1),(29,2,'Users','myprofile',1),(30,3,'Users','myprofile',1),(31,1,'Users','login',1),(32,2,'Users','login',1),(33,3,'Users','login',1),(34,1,'Users','logout',1),(35,2,'Users','logout',1),(36,3,'Users','logout',1),(37,1,'Users','register',1),(38,2,'Users','register',1),(39,3,'Users','register',1),(40,1,'Users','changePassword',1),(41,2,'Users','changePassword',1),(42,3,'Users','changePassword',1),(43,1,'Users','changeUserPassword',1),(44,2,'Users','changeUserPassword',0),(45,3,'Users','changeUserPassword',0),(46,1,'Users','addUser',1),(47,2,'Users','addUser',0),(48,3,'Users','addUser',0),(49,1,'Users','editUser',1),(50,2,'Users','editUser',1),(51,3,'Users','editUser',1),(52,1,'Users','dashboard',1),(53,2,'Users','dashboard',1),(54,3,'Users','dashboard',1),(55,1,'Users','deleteUser',1),(56,2,'Users','deleteUser',0),(57,3,'Users','deleteUser',0),(58,1,'Users','makeActive',1),(59,2,'Users','makeActive',0),(60,3,'Users','makeActive',0),(61,1,'Users','accessDenied',1),(62,2,'Users','accessDenied',1),(63,3,'Users','accessDenied',1),(64,1,'Users','userVerification',1),(65,2,'Users','userVerification',1),(66,3,'Users','userVerification',1),(67,1,'Users','forgotPassword',1),(68,2,'Users','forgotPassword',1),(69,3,'Users','forgotPassword',1),(70,1,'Users','makeActiveInactive',1),(71,2,'Users','makeActiveInactive',0),(72,3,'Users','makeActiveInactive',0),(73,1,'Users','verifyEmail',1),(74,2,'Users','verifyEmail',0),(75,3,'Users','verifyEmail',0),(76,1,'Users','activatePassword',1),(77,2,'Users','activatePassword',1),(78,3,'Users','activatePassword',1),(79,4,'Pages','display',1),(80,3,'Users','myprofile',0),(81,1,'Votes','index',1),(82,2,'Votes','index',1),(83,1,'Votes','add',1),(84,2,'Votes','add',0),(85,3,'Votes','add',0),(86,4,'Votes','add',0),(87,1,'Votes','view',1),(88,2,'Votes','view',1),(89,3,'Votes','view',1),(90,4,'Votes','view',1),(91,3,'Votes','index',1),(92,4,'Votes','index',1),(93,1,'Vouchers','index',1),(94,2,'Vouchers','index',1),(95,3,'Vouchers','index',1),(96,4,'Vouchers','index',1),(97,1,'Vouchers','add',1),(98,2,'Vouchers','add',1),(99,3,'Vouchers','add',1),(100,4,'Vouchers','add',0),(101,5,'Pages','display',0),(102,6,'Pages','display',1),(103,1,'UserRoleVotes','index',1),(104,2,'UserRoleVotes','index',0),(105,3,'UserRoleVotes','index',0),(106,4,'UserRoleVotes','index',0),(107,5,'UserRoleVotes','index',1),(108,6,'UserRoleVotes','index',1),(109,1,'UserRoleVotes','add',1),(110,2,'UserRoleVotes','add',0),(111,3,'UserRoleVotes','add',0),(112,4,'UserRoleVotes','add',0),(113,5,'UserRoleVotes','add',0),(114,6,'UserRoleVotes','add',0),(115,1,'UserRoleVotes','view',1),(116,2,'UserRoleVotes','view',0),(117,3,'UserRoleVotes','view',0),(118,4,'UserRoleVotes','view',0),(119,5,'UserRoleVotes','view',1),(120,6,'UserRoleVotes','view',1),(121,1,'UserRoleVotes','edit',1),(122,2,'UserRoleVotes','edit',0),(123,3,'UserRoleVotes','edit',0),(124,4,'UserRoleVotes','edit',0),(125,5,'UserRoleVotes','edit',0),(126,6,'UserRoleVotes','edit',0),(127,1,'UserRoleVotes','delete',1),(128,2,'UserRoleVotes','delete',0),(129,3,'UserRoleVotes','delete',0),(130,4,'UserRoleVotes','delete',0),(131,5,'UserRoleVotes','delete',0),(132,6,'UserRoleVotes','delete',0),(133,1,'UserRoles','index',1),(134,2,'UserRoles','index',0),(135,3,'UserRoles','index',0),(136,4,'UserRoles','index',0),(137,5,'UserRoles','index',1),(138,6,'UserRoles','index',1),(139,1,'UserRoles','add',1),(140,2,'UserRoles','add',0),(141,3,'UserRoles','add',0),(142,4,'UserRoles','add',0),(143,5,'UserRoles','add',0),(144,6,'UserRoles','add',0),(145,1,'UserRoles','view',1),(146,2,'UserRoles','view',0),(147,3,'UserRoles','view',0),(148,4,'UserRoles','view',0),(149,5,'UserRoles','view',1),(150,6,'UserRoles','view',1),(151,1,'UserRoles','edit',1),(152,2,'UserRoles','edit',0),(153,3,'UserRoles','edit',0),(154,4,'UserRoles','edit',0),(155,5,'UserRoles','edit',0),(156,6,'UserRoles','edit',0),(157,1,'UserRoles','delete',1),(158,2,'UserRoles','delete',0),(159,3,'UserRoles','delete',0),(160,4,'UserRoles','delete',0),(161,5,'UserRoles','delete',0),(162,6,'UserRoles','delete',0),(163,1,'UserRoles','moveUp',1),(164,2,'UserRoles','moveUp',0),(165,3,'UserRoles','moveUp',0),(166,4,'UserRoles','moveUp',0),(167,5,'UserRoles','moveUp',0),(168,6,'UserRoles','moveUp',0),(169,1,'UserRoles','moveDown',1),(170,2,'UserRoles','moveDown',0),(171,3,'UserRoles','moveDown',0),(172,4,'UserRoles','moveDown',0),(173,5,'UserRoles','moveDown',0),(174,6,'UserRoles','moveDown',0),(175,1,'UserRoles','removeNode',1),(176,2,'UserRoles','removeNode',0),(177,3,'UserRoles','removeNode',0),(178,4,'UserRoles','removeNode',0),(179,5,'UserRoles','removeNode',0),(180,6,'UserRoles','removeNode',0),(181,1,'Votes','isAuthorized',0),(182,2,'Votes','isAuthorized',0),(183,3,'Votes','isAuthorized',0),(184,4,'Votes','isAuthorized',0),(185,5,'Votes','isAuthorized',0),(186,6,'Votes','isAuthorized',0),(187,5,'Votes','index',1),(188,6,'Votes','index',1),(189,5,'Votes','add',0),(190,6,'Votes','add',0),(191,5,'Votes','view',1),(192,6,'Votes','view',1),(193,1,'Votes','edit',1),(194,2,'Votes','edit',0),(195,3,'Votes','edit',0),(196,4,'Votes','edit',0),(197,5,'Votes','edit',0),(198,6,'Votes','edit',0),(199,1,'Votes','assign_userroles',1),(200,2,'Votes','assign_userroles',1),(201,3,'Votes','assign_userroles',0),(202,4,'Votes','assign_userroles',0),(203,5,'Votes','assign_userroles',0),(204,6,'Votes','assign_userroles',0),(205,1,'Votes','delete',1),(206,2,'Votes','delete',0),(207,3,'Votes','delete',0),(208,4,'Votes','delete',0),(209,5,'Votes','delete',0),(210,6,'Votes','delete',0),(211,1,'Vouchers','isAuthorized',0),(212,2,'Vouchers','isAuthorized',0),(213,3,'Vouchers','isAuthorized',0),(214,4,'Vouchers','isAuthorized',0),(215,5,'Vouchers','isAuthorized',0),(216,6,'Vouchers','isAuthorized',0),(217,5,'Vouchers','index',1),(218,6,'Vouchers','index',1),(219,5,'Vouchers','add',0),(220,6,'Vouchers','add',0),(221,1,'Vouchers','view_pdf',1),(222,2,'Vouchers','view_pdf',1),(223,3,'Vouchers','view_pdf',1),(224,4,'Vouchers','view_pdf',1),(225,5,'Vouchers','view_pdf',1),(226,6,'Vouchers','view_pdf',1),(227,1,'Vouchers','edit',1),(228,2,'Vouchers','edit',1),(229,3,'Vouchers','edit',1),(230,4,'Vouchers','edit',1),(231,5,'Vouchers','edit',0),(232,6,'Vouchers','edit',0),(233,1,'Vouchers','delete',1),(234,2,'Vouchers','delete',1),(235,3,'Vouchers','delete',1),(236,4,'Vouchers','delete',1),(237,5,'Vouchers','delete',0),(238,6,'Vouchers','delete',0),(239,1,'Vouchers','pending_payments',1),(240,2,'Vouchers','pending_payments',1),(241,3,'Vouchers','pending_payments',1),(242,4,'Vouchers','pending_payments',1),(243,5,'Vouchers','pending_payments',0),(244,6,'Vouchers','pending_payments',0),(245,1,'Vouchers','pay',1),(246,2,'Vouchers','pay',0),(247,3,'Vouchers','pay',0),(248,4,'Vouchers','pay',1),(249,5,'Vouchers','pay',0),(250,6,'Vouchers','pay',0),(251,4,'Users','myprofile',1),(252,5,'Users','myprofile',1),(253,6,'Users','myprofile',1),(254,4,'Users','login',1),(255,5,'Users','login',1),(256,6,'Users','login',1),(257,4,'Users','logout',1),(258,5,'Users','logout',1),(259,6,'Users','logout',1),(260,4,'Users','register',1),(261,5,'Users','register',1),(262,6,'Users','register',1),(263,4,'Users','changePassword',1),(264,5,'Users','changePassword',1),(265,6,'Users','changePassword',1),(266,4,'Users','dashboard',1),(267,5,'Users','dashboard',1),(268,6,'Users','dashboard',1),(269,4,'Users','accessDenied',1),(270,5,'Users','accessDenied',1),(271,6,'Users','accessDenied',1),(272,4,'Users','forgotPassword',1),(273,5,'Users','forgotPassword',1),(274,6,'Users','forgotPassword',1),(275,4,'Users','userVerification',1),(276,5,'Users','userVerification',1),(277,6,'Users','userVerification',1),(278,4,'Users','activatePassword',1),(279,5,'Users','activatePassword',1),(280,6,'Users','activatePassword',1),(281,1,'Users','emailVerification',1),(282,2,'Users','emailVerification',1),(283,3,'Users','emailVerification',1),(284,4,'Users','emailVerification',1),(285,5,'Users','emailVerification',1),(286,6,'Users','emailVerification',1),(287,1,'Vouchers','expenditures',1),(288,2,'Vouchers','expenditures',1),(289,3,'Vouchers','expenditures',1),(290,4,'Vouchers','expenditures',1),(291,5,'Vouchers','expenditures',1),(292,6,'Vouchers','expenditures',1),(293,1,'Vouchers','modify',1),(294,2,'Vouchers','modify',1),(295,3,'Vouchers','modify',1),(296,4,'Vouchers','modify',1),(297,5,'Vouchers','modify',0),(298,6,'Vouchers','modify',0),(299,1,'Vouchers','outstandings',1),(300,2,'Vouchers','outstandings',1),(301,3,'Vouchers','outstandings',1),(302,4,'Vouchers','outstandings',1),(303,5,'Vouchers','outstandings',1),(304,6,'Vouchers','outstandings',1),(305,1,'Vouchers','uservice_summary',1),(306,2,'Vouchers','uservice_summary',0),(307,3,'Vouchers','uservice_summary',0),(308,4,'Vouchers','uservice_summary',0),(309,5,'Vouchers','uservice_summary',1),(310,6,'Vouchers','uservice_summary',1),(311,1,'Vouchers','child',1),(312,2,'Vouchers','child',0),(313,3,'Vouchers','child',0),(314,4,'Vouchers','child',0),(315,5,'Vouchers','child',1),(316,6,'Vouchers','child',1),(317,1,'Votes','group_summary',1),(318,2,'Votes','group_summary',0),(319,3,'Votes','group_summary',0),(320,4,'Votes','group_summary',0),(321,5,'Votes','group_summary',1),(322,6,'Votes','group_summary',1),(323,1,'Votes','summary',1),(324,2,'Votes','summary',0),(325,3,'Votes','summary',0),(326,4,'Votes','summary',0),(327,5,'Votes','summary',1),(328,6,'Votes','summary',1),(329,1,'Vouchers','monthly_summary',1),(330,2,'Vouchers','monthly_summary',0),(331,3,'Vouchers','monthly_summary',0),(332,4,'Vouchers','monthly_summary',0),(333,5,'Vouchers','monthly_summary',1),(334,6,'Vouchers','monthly_summary',1),(335,1,'Votes','user_allocations',1),(336,2,'Votes','user_allocations',0),(337,3,'Votes','user_allocations',0),(338,4,'Votes','user_allocations',0),(339,5,'Votes','user_allocations',1),(340,6,'Votes','user_allocations',1),(341,1,'Vouchers','my_allocations',1),(342,2,'Vouchers','my_allocations',1),(343,3,'Vouchers','my_allocations',0),(344,4,'Vouchers','my_allocations',0),(345,5,'Vouchers','my_allocations',0),(346,6,'Vouchers','my_allocations',0),(347,1,'Pages','index',1),(348,2,'Pages','index',1),(349,3,'Pages','index',1),(350,4,'Pages','index',1),(351,5,'Pages','index',1),(352,6,'Pages','index',1),(353,1,'Users','user_dashboard',1),(354,2,'Users','user_dashboard',1),(355,3,'Users','user_dashboard',1),(356,4,'Users','user_dashboard',1),(357,5,'Users','user_dashboard',1),(358,6,'Users','user_dashboard',1),(359,1,'Votes','all',1),(360,2,'Votes','all',1),(361,3,'Votes','all',1),(362,4,'Votes','all',1),(363,5,'Votes','all',1),(364,6,'Votes','all',1),(365,1,'Votes','view_single',1),(366,2,'Votes','view_single',1),(367,3,'Votes','view_single',1),(368,4,'Votes','view_single',1),(369,5,'Votes','view_single',1),(370,6,'Votes','view_single',1),(371,1,'Votes','single',1),(372,2,'Votes','single',1),(373,3,'Votes','single',1),(374,4,'Votes','single',1),(375,5,'Votes','single',1),(376,6,'Votes','single',1),(377,1,'Votes','modify',1),(378,2,'Votes','modify',0),(379,3,'Votes','modify',0),(380,4,'Votes','modify',0),(381,5,'Votes','modify',0),(382,6,'Votes','modify',0),(383,1,'Vouchers','all',1),(384,2,'Vouchers','all',1),(385,4,'Vouchers','all',1),(386,5,'Vouchers','all',1),(387,6,'Vouchers','all',1),(388,1,'Vouchers','voucher_outstanding',1),(389,2,'Vouchers','voucher_outstanding',1),(390,4,'Vouchers','voucher_outstanding',1),(391,5,'Vouchers','voucher_outstanding',1),(392,6,'Vouchers','voucher_outstanding',1),(393,1,'Vouchers','voucher_expenditure',1),(394,2,'Vouchers','voucher_expenditure',1),(395,4,'Vouchers','voucher_expenditure',1),(396,5,'Vouchers','voucher_expenditure',1),(397,6,'Vouchers','voucher_expenditure',1),(398,1,'Vouchers','voucherOutstandings',1),(399,2,'Vouchers','voucherOutstandings',1),(400,4,'Vouchers','voucherOutstandings',1),(401,5,'Vouchers','voucherOutstandings',1),(402,6,'Vouchers','voucherOutstandings',1),(403,1,'Vouchers','voucher_outstandings',1),(404,2,'Vouchers','voucher_outstandings',1),(405,4,'Vouchers','voucher_outstandings',1),(406,5,'Vouchers','voucher_outstandings',1),(407,6,'Vouchers','voucher_outstandings',1),(408,1,'Vouchers','unit_summary',1),(409,2,'Vouchers','unit_summary',0),(410,4,'Vouchers','unit_summary',0),(411,5,'Vouchers','unit_summary',1),(412,6,'Vouchers','unit_summary',1),(413,1,'Vouchers','voucher_expenditures',1),(414,2,'Vouchers','voucher_expenditures',1),(415,4,'Vouchers','voucher_expenditures',1),(416,5,'Vouchers','voucher_expenditures',1),(417,6,'Vouchers','voucher_expenditures',1),(418,1,'Vouchers','add_advance',1),(419,2,'Vouchers','add_advance',1),(420,4,'Vouchers','add_advance',0),(421,5,'Vouchers','add_advance',1),(422,6,'Vouchers','add_advance',1),(423,1,'Vouchers','advance_outstandings',1),(424,2,'Vouchers','advance_outstandings',1),(425,4,'Vouchers','advance_outstandings',1),(426,5,'Vouchers','advance_outstandings',1),(427,6,'Vouchers','advance_outstandings',1),(428,1,'Vouchers','pending_advance_payments',1),(429,2,'Vouchers','pending_advance_payments',0),(430,4,'Vouchers','pending_advance_payments',1),(431,5,'Vouchers','pending_advance_payments',0),(432,6,'Vouchers','pending_advance_payments',0),(433,1,'Vouchers','advance_settlements',1),(434,2,'Vouchers','advance_settlements',1),(435,4,'Vouchers','advance_settlements',1),(436,5,'Vouchers','advance_settlements',1),(437,6,'Vouchers','advance_settlements',1),(438,1,'Vouchers','selltle_advance_payments',1),(439,2,'Vouchers','selltle_advance_payments',1),(440,3,'Vouchers','selltle_advance_payments',1),(441,4,'Vouchers','selltle_advance_payments',0),(442,5,'Vouchers','selltle_advance_payments',0),(443,6,'Vouchers','selltle_advance_payments',0),(444,1,'Vouchers','settle_advance_payments',1),(445,2,'Vouchers','settle_advance_payments',1),(446,3,'Vouchers','settle_advance_payments',1),(447,4,'Vouchers','settle_advance_payments',0),(448,5,'Vouchers','settle_advance_payments',0),(449,6,'Vouchers','settle_advance_payments',0),(450,3,'Vouchers','all',1),(451,1,'Vouchers','test',0),(452,2,'Vouchers','test',0),(453,3,'Vouchers','test',0),(454,4,'Vouchers','test',0),(455,5,'Vouchers','test',0),(456,6,'Vouchers','test',0),(457,3,'Vouchers','add_advance',1),(458,3,'Vouchers','voucher_outstandings',1),(459,3,'Vouchers','advance_outstandings',1),(460,3,'Vouchers','voucher_expenditures',1),(461,3,'Vouchers','advance_settlements',1),(462,1,'Vouchers','modifyVouchers',1),(463,2,'Vouchers','modifyVouchers',1),(464,3,'Vouchers','modifyVouchers',1),(465,4,'Vouchers','modifyVouchers',1),(466,5,'Vouchers','modifyVouchers',0),(467,6,'Vouchers','modifyVouchers',0),(468,1,'Vouchers','modify_vouchers',1),(469,2,'Vouchers','modify_vouchers',1),(470,3,'Vouchers','modify_vouchers',1),(471,4,'Vouchers','modify_vouchers',1),(472,5,'Vouchers','modify_vouchers',0),(473,6,'Vouchers','modify_vouchers',0),(474,1,'Votes','authorized_allocations',1),(475,2,'Votes','authorized_allocations',1),(476,3,'Votes','authorized_allocations',0),(477,4,'Votes','authorized_allocations',0),(478,5,'Votes','authorized_allocations',0),(479,6,'Votes','authorized_allocations',0),(480,1,'Votes','unassign_vote',1),(481,2,'Votes','unassign_vote',1),(482,3,'Votes','unassign_vote',0),(483,4,'Votes','unassign_vote',0),(484,5,'Votes','unassign_vote',0),(485,6,'Votes','unassign_vote',0),(486,1,'Votes','assign_vote',1),(487,2,'Votes','assign_vote',1),(488,3,'Votes','assign_vote',0),(489,4,'Votes','assign_vote',0),(490,5,'Votes','assign_vote',0),(491,6,'Votes','assign_vote',0),(492,1,'Users','profileManagement',1),(493,2,'Users','profileManagement',1),(494,3,'Users','profileManagement',1),(495,4,'Users','profileManagement',1),(496,5,'Users','profileManagement',1),(497,6,'Users','profileManagement',1),(498,4,'Users','editUser',1),(499,5,'Users','editUser',1),(500,6,'Users','editUser',1),(501,1,'Vouchers','view',1),(502,2,'Vouchers','view',1),(503,3,'Vouchers','view',1),(504,4,'Vouchers','view',1),(505,5,'Vouchers','view',1),(506,6,'Vouchers','view',1),(507,1,'Vouchers','settle_advance',1),(508,2,'Vouchers','settle_advance',1),(509,3,'Vouchers','settle_advance',1),(510,4,'Vouchers','settle_advance',0),(511,5,'Vouchers','settle_advance',0),(512,6,'Vouchers','settle_advance',0),(513,1,'Users','userManagement',1),(514,2,'Users','userManagement',0),(515,3,'Users','userManagement',0),(516,4,'Users','userManagement',0),(517,5,'Users','userManagement',0),(518,6,'Users','userManagement',0),(519,1,'Votes','cumulative_expenditure_summary',1),(520,2,'Votes','cumulative_expenditure_summary',0),(521,3,'Votes','cumulative_expenditure_summary',0),(522,4,'Votes','cumulative_expenditure_summary',0),(523,5,'Votes','cumulative_expenditure_summary',1),(524,6,'Votes','cumulative_expenditure_summary',1),(525,1,'Votes','unassign_userroles',1),(526,2,'Votes','unassign_userroles',1),(527,3,'Votes','unassign_userroles',0),(528,4,'Votes','unassign_userroles',0),(529,5,'Votes','unassign_userroles',0),(530,6,'Votes','unassign_userroles',0),(531,1,'Votes','reassign_userroles',1),(532,2,'Votes','reassign_userroles',1),(533,3,'Votes','reassign_userroles',0),(534,4,'Votes','reassign_userroles',0),(535,5,'Votes','reassign_userroles',0),(536,6,'Votes','reassign_userroles',0),(537,1,'Votes','edit_assigned_userroles',1),(538,2,'Votes','edit_assigned_userroles',1),(539,3,'Votes','edit_assigned_userroles',0),(540,4,'Votes','edit_assigned_userroles',0),(541,5,'Votes','edit_assigned_userroles',0),(542,6,'Votes','edit_assigned_userroles',0);
/*!40000 ALTER TABLE `user_group_permissions` ENABLE KEYS */;
UNLOCK TABLES;

--
-- Table structure for table `user_groups`
--

DROP TABLE IF EXISTS `user_groups`;
/*!40101 SET @saved_cs_client     = @@character_set_client */;
/*!40101 SET character_set_client = utf8 */;
CREATE TABLE `user_groups` (
  `id` int(11) NOT NULL AUTO_INCREMENT,
  `name` varchar(100) DEFAULT NULL,
  `alias_name` varchar(100) DEFAULT NULL,
  `allowRegistration` int(1) NOT NULL DEFAULT '1',
  `created` datetime DEFAULT NULL,
  `modified` datetime DEFAULT NULL,
  PRIMARY KEY (`id`)
) ENGINE=InnoDB AUTO_INCREMENT=7 DEFAULT CHARSET=latin1;
/*!40101 SET character_set_client = @saved_cs_client */;

--
-- Dumping data for table `user_groups`
--

LOCK TABLES `user_groups` WRITE;
/*!40000 ALTER TABLE `user_groups` DISABLE KEYS */;
INSERT INTO `user_groups` (`id`, `name`, `alias_name`, `allowRegistration`, `created`, `modified`) VALUES (1,'Admin','Admin',0,'2014-09-03 14:35:51','2014-09-03 14:35:51'),(2,'Institiute Head','IH',1,'2014-09-03 14:35:51','2014-09-07 07:09:47'),(3,'Institiute Administrative Branch','IAB',1,'2014-09-03 14:35:51','2014-09-07 07:11:11'),(4,'Institute Finance Branch','IFB',1,'2014-09-09 00:00:00','2014-09-07 07:10:20'),(5,'Executives','Exec',1,'2014-09-07 07:08:25','2014-09-07 07:08:25'),(6,'Finance','Fin',1,'2014-09-07 07:10:48','2014-09-07 07:10:48');
/*!40000 ALTER TABLE `user_groups` ENABLE KEYS */;
UNLOCK TABLES;

--
-- Table structure for table `user_role_votes`
--

DROP TABLE IF EXISTS `user_role_votes`;
/*!40101 SET @saved_cs_client     = @@character_set_client */;
/*!40101 SET character_set_client = utf8 */;
CREATE TABLE `user_role_votes` (
  `id` int(10) NOT NULL AUTO_INCREMENT,
  `user_role_id` int(10) NOT NULL,
  `vote_id` int(10) NOT NULL,
  `amount` double NOT NULL,
  `commitments` double NOT NULL,
  `reallocations` double NOT NULL,
  `remaining_amount` double NOT NULL,
  `modified` datetime NOT NULL,
  `created` datetime NOT NULL,
  `allocated_by` int(10) NOT NULL,
  PRIMARY KEY (`id`)
) ENGINE=InnoDB AUTO_INCREMENT=36 DEFAULT CHARSET=latin1;
/*!40101 SET character_set_client = @saved_cs_client */;

--
-- Dumping data for table `user_role_votes`
--

LOCK TABLES `user_role_votes` WRITE;
/*!40000 ALTER TABLE `user_role_votes` DISABLE KEYS */;
INSERT INTO `user_role_votes` (`id`, `user_role_id`, `vote_id`, `amount`, `commitments`, `reallocations`, `remaining_amount`, `modified`, `created`, `allocated_by`) VALUES (23,39,2,600,0,500,600,'2014-11-13 02:55:29','2014-11-13 02:55:29',0),(29,39,3,6000,500,4050,6000,'2014-11-14 00:59:16','2014-11-14 00:59:16',0),(30,37,29,3000,0,0,3000,'2014-11-14 01:00:02','2014-11-14 01:00:02',39),(33,36,29,1000,0,0,1000,'2014-11-14 01:05:48','2014-11-14 01:05:48',39),(34,31,29,50,0,0,50,'2014-11-14 01:16:29','2014-11-14 01:16:29',39),(35,24,5,1000,0,0,1000,'2014-11-18 15:34:52','2014-11-18 15:34:52',0);
/*!40000 ALTER TABLE `user_role_votes` ENABLE KEYS */;
UNLOCK TABLES;

--
-- Table structure for table `user_roles`
--

DROP TABLE IF EXISTS `user_roles`;
/*!40101 SET @saved_cs_client     = @@character_set_client */;
/*!40101 SET character_set_client = utf8 */;
CREATE TABLE `user_roles` (
  `id` int(10) NOT NULL AUTO_INCREMENT,
  `parent_id` int(10) DEFAULT NULL,
  `lft` int(10) DEFAULT NULL,
  `rght` int(10) DEFAULT NULL,
  `name` varchar(255) DEFAULT '',
  `code` varchar(100) NOT NULL,
  `user_group_id` int(10) NOT NULL,
  `status` varchar(50) NOT NULL,
  `modified` datetime NOT NULL,
  `created` datetime NOT NULL,
  `user_id` int(10) NOT NULL,
  PRIMARY KEY (`id`),
  KEY `code` (`code`),
  KEY `id` (`id`),
  KEY `user_group_id` (`user_group_id`)
) ENGINE=InnoDB AUTO_INCREMENT=40 DEFAULT CHARSET=latin1;
/*!40101 SET character_set_client = @saved_cs_client */;

--
-- Dumping data for table `user_roles`
--

LOCK TABLES `user_roles` WRITE;
/*!40000 ALTER TABLE `user_roles` DISABLE KEYS */;
INSERT INTO `user_roles` (`id`, `parent_id`, `lft`, `rght`, `name`, `code`, `user_group_id`, `status`, `modified`, `created`, `user_id`) VALUES (1,NULL,NULL,NULL,'System Administrator','ADMIN',1,'active','0000-00-00 00:00:00','0000-00-00 00:00:00',0),(2,1,55,120,'Secretary','SEC',2,'active','2014-08-27 09:04:22','0000-00-00 00:00:00',0),(3,2,66,67,'Chief Accountant','CA',3,'active','2014-08-14 12:19:49','0000-00-00 00:00:00',0),(4,2,56,57,'Additional Secretary Administrator','Add.Sec.Admin',2,'active','2014-08-14 12:18:22','0000-00-00 00:00:00',0),(5,2,58,59,'Additional Secretary Development','Add.Sec.Dev.',2,'inactive','2014-08-14 12:19:30','0000-00-00 00:00:00',0),(6,2,64,65,'Directer General Health Services','DGHS',2,'inactive','2014-08-14 12:20:42','0000-00-00 00:00:00',0),(7,2,68,69,'Deputy Dircter General Finance I','DDG F(I)',3,'inactive','2014-08-27 07:32:57','0000-00-00 00:00:00',0),(8,2,70,71,'Deputy Dircter General Finance II','DDG F(II)',3,'inactive','2014-08-27 07:33:09','0000-00-00 00:00:00',0),(9,2,72,73,'Deputy Dircter General Medical services I','DDG MS(I)',4,'inactive','2014-08-27 07:33:20','0000-00-00 00:00:00',0),(10,2,74,75,'Deputy Dircter General Medical services II','DDG MS(II)',4,'inactive','2014-08-27 07:33:29','0000-00-00 00:00:00',0),(11,2,76,77,'Deputy Directer General Public Health Services I','DDG PHS(I)',4,'inactive','2014-08-27 07:33:38','0000-00-00 00:00:00',0),(12,2,78,79,'Deputy Dircter General Public Health Services II','DDG PHS(II)',4,'inactive','2014-08-27 07:34:32','0000-00-00 00:00:00',0),(13,2,80,81,'Deputy Directer General Laboratory Services','DDG LS',4,'inactive','2014-08-27 07:35:00','0000-00-00 00:00:00',0),(14,2,82,83,'Deputy Dircter General Planning','DDG Planing',4,'inactive','2014-08-27 07:34:15','0000-00-00 00:00:00',0),(15,2,84,85,'Deputy Dircter General Education Training and Research','DDG ETR',4,'inactive','2014-08-27 07:33:47','0000-00-00 00:00:00',0),(16,2,88,89,'Deputy Dircter General Dental Services II','DDG DS II',4,'inactive','2014-08-27 07:41:29','0000-00-00 00:00:00',0),(17,2,86,87,'Deputy Dircter General Bio Medical Engineering','DDG BME',4,'inactive','2014-08-27 07:34:05','0000-00-00 00:00:00',0),(18,2,92,93,'Deputy Dircter General Logistics','DDG Logistic',4,'active','2014-08-27 07:34:41','0000-00-00 00:00:00',0),(19,2,90,91,'Deputy Dircter General Admin I(Transport)','DDG A(I)',4,'inactive','2014-08-27 07:34:23','0000-00-00 00:00:00',0),(21,2,62,63,'Senior Assistant Secretary Medical Services','Senior.Asst.Sec.MS',2,'inactive','2014-08-27 07:36:01','0000-00-00 00:00:00',0),(22,2,106,107,'Director Medical Research Institite','Director MRI',4,'inactive','2014-08-27 07:36:25','0000-00-00 00:00:00',0),(23,2,114,115,'National Programme for TB Control & Chest Diseases','Director NPTCCD',4,'inactive','2014-08-27 08:03:23','0000-00-00 00:00:00',0),(24,2,118,119,'Director Youth, Elderly,Dissabled & Displaced Person','Director YEDDP',4,'inactive','2014-08-27 07:35:49','0000-00-00 00:00:00',0),(25,2,110,111,'Director Anti Malaria Campaign','Director AMC',4,'inactive','2014-08-27 07:32:35','0000-00-00 00:00:00',0),(26,2,116,117,'Director Cancer Control Programme','Director CCP',4,'inactive','2014-08-27 07:36:13','0000-00-00 00:00:00',0),(30,2,60,61,'Additional Secretary Medical Services','Add.Sec.MS',4,'inactive','2014-08-27 07:28:14','2014-08-27 07:28:14',0),(31,2,94,95,'Director Quality Control Unit','Director QCU',4,'inactive','2014-08-27 07:50:13','2014-08-27 07:50:13',0),(32,2,96,97,'Direcctor Non Communicable Diseases','Director NCD',4,'inactive','2014-08-27 07:51:53','2014-08-27 07:51:53',0),(33,2,98,99,'Director - Estate and Urban Health','Director EUH',4,'inactive','2014-08-27 07:53:41','2014-08-27 07:53:41',0),(34,2,100,101,'Director - Nutrition Cordination Division','Director NCD',4,'inactive','2014-08-27 07:55:16','2014-08-27 07:55:16',0),(35,2,102,103,'Director - Family Health Bureau','Director FHB',4,'inactive','2014-08-27 07:56:44','2014-08-27 07:56:44',0),(36,2,104,105,'Director - Health Education Bureauu','Director HEB',4,'inactive','2014-08-27 07:58:26','2014-08-27 07:58:26',0),(37,2,108,109,'Director - National Hospital Sri Lanka','Director NHSL',4,'inactive','2014-08-27 08:00:42','2014-08-27 08:00:42',0),(38,2,112,113,'Director - Information','Director INFO',4,'inactive','2014-08-27 08:02:26','2014-08-27 08:02:26',0),(39,NULL,NULL,NULL,'Deputy Dircter General Finance I','DDGF1',0,'inactive','2014-11-02 23:10:14','2014-11-02 23:10:14',0);
/*!40000 ALTER TABLE `user_roles` ENABLE KEYS */;
UNLOCK TABLES;

--
-- Table structure for table `user_roles_votes`
--

DROP TABLE IF EXISTS `user_roles_votes`;
/*!40101 SET @saved_cs_client     = @@character_set_client */;
/*!40101 SET character_set_client = utf8 */;
CREATE TABLE `user_roles_votes` (
  `id` int(10) NOT NULL AUTO_INCREMENT,
  `user_role_id` int(10) NOT NULL,
  `vote_id` int(10) NOT NULL,
  `modified` datetime NOT NULL,
  `created` datetime NOT NULL,
  PRIMARY KEY (`id`)
) ENGINE=InnoDB AUTO_INCREMENT=9 DEFAULT CHARSET=latin1;
/*!40101 SET character_set_client = @saved_cs_client */;

--
-- Dumping data for table `user_roles_votes`
--

LOCK TABLES `user_roles_votes` WRITE;
/*!40000 ALTER TABLE `user_roles_votes` DISABLE KEYS */;
INSERT INTO `user_roles_votes` (`id`, `user_role_id`, `vote_id`, `modified`, `created`) VALUES (2,32,11,'2014-11-13 04:58:42','2014-11-13 04:58:42'),(3,9,105,'2015-05-27 01:00:19','2015-05-27 01:00:19'),(4,32,102,'2015-05-28 05:38:15','2015-05-28 05:38:15'),(5,9,104,'2015-05-28 05:39:42','2015-05-28 05:39:42'),(6,15,101,'2015-06-08 05:49:16','2015-06-08 05:49:16'),(7,18,107,'2015-06-08 05:50:15','2015-06-08 05:50:15'),(8,19,111,'2015-06-15 23:38:01','2015-06-15 23:38:01');
/*!40000 ALTER TABLE `user_roles_votes` ENABLE KEYS */;
UNLOCK TABLES;

--
-- Table structure for table `users`
--

DROP TABLE IF EXISTS `users`;
/*!40101 SET @saved_cs_client     = @@character_set_client */;
/*!40101 SET character_set_client = utf8 */;
CREATE TABLE `users` (
  `id` int(11) NOT NULL AUTO_INCREMENT,
  `user_group_id` int(11) unsigned DEFAULT NULL,
  `user_role_id` int(10) NOT NULL,
  `username` varchar(100) DEFAULT NULL,
  `password` varchar(255) DEFAULT NULL,
  `salt` text,
  `email` varchar(100) DEFAULT NULL,
  `title` varchar(12) NOT NULL,
  `first_name` varchar(100) DEFAULT NULL,
  `last_name` varchar(100) DEFAULT NULL,
  `gender` varchar(12) NOT NULL,
  `address` varchar(150) NOT NULL,
  `working_address` varchar(150) NOT NULL,
  `telephone_no` varchar(12) NOT NULL,
  `email_verified` int(1) DEFAULT '0',
  `active` int(1) NOT NULL DEFAULT '0',
  `ip_address` varchar(50) DEFAULT NULL,
  `created` datetime DEFAULT NULL,
  `modified` datetime DEFAULT NULL,
  PRIMARY KEY (`id`),
  KEY `user` (`username`),
  KEY `mail` (`email`),
  KEY `users_FKIndex1` (`user_group_id`)
) ENGINE=InnoDB AUTO_INCREMENT=29 DEFAULT CHARSET=latin1;
/*!40101 SET character_set_client = @saved_cs_client */;

--
-- Dumping data for table `users`
--

LOCK TABLES `users` WRITE;
/*!40000 ALTER TABLE `users` DISABLE KEYS */;
INSERT INTO `users` (`id`, `user_group_id`, `user_role_id`, `username`, `password`, `salt`, `email`, `title`, `first_name`, `last_name`, `gender`, `address`, `working_address`, `telephone_no`, `email_verified`, `active`, `ip_address`, `created`, `modified`) VALUES (1,1,0,'admina','365caef7fccbdb1ee711f084be9317a7','1e6d99570a4d37cc29b18c4a6b06e6ed','admin@admin.com','','Admin ','','','','','',1,1,'','2014-09-03 14:35:51','2015-05-21 07:39:26'),(8,2,14,'eqrerw','6a8aee8b36613b091f5c6a8d9219a9a5','7bf5e0bfff5557fef2fd703a35fd9b62','ddgplaning@gmail.com','','hoiyo','huio','','','','',1,1,'::1','2014-09-12 02:00:12','2014-09-12 02:00:12'),(9,6,5,'shiromi','f998e3ff278a74db3228acfec6adf629','c76c5cfc16a3c9eaf960ad2c7bca2254','direx1@gmail.com','','shiromi','shiromi','','','','',1,1,'::1','2014-09-12 03:25:57','2014-09-12 03:25:57'),(10,3,13,'aisha','b80235357a950d8e7d8bd3a8f5b9f4db','fe6c0a00125a442da6cde642b97a0301','isha2g@er.dfg','','aki','iuy','','','','',0,0,'::1','2014-09-26 02:30:56','2014-11-14 22:32:33'),(11,5,5,'test456','f7d0ac349d9130b4577039988ebc03a5','bb4ea1b246111121cd6e995d52672d11','s23fr@w.bvb','','tesst','test','','','','',1,1,'::1','2014-09-27 05:06:14','2014-09-27 05:06:14'),(12,4,39,'asankasanjaya','1c02fbdf3481affd93b635e65563a1a3','f40de8dcab7e5645293104ea8b9c044e','angal.fh@gmail.com','dr','Asanka','Sanjaya','male','rtyu','tyu','7356478',1,1,'::1','2014-09-27 05:15:06','2014-11-04 16:17:48'),(13,3,39,'wtwtwe','5d93db1dda69bf97e75ac78509aeda9d','73167cfa80463aa9cacb9e0ef93c11e6','angal.ah@gmail.com','miss','rtye','rtetey','female','weretw','teryr','2311',1,1,'::1','2014-09-28 01:28:01','2014-09-28 01:28:01'),(14,2,19,'asankasa','b8a3f9cfcd3c96f116b523dd57ddd076','0c4c28279a58379a714129c70a01bd74','asanka@gmail.com','mr','Asanka','Sanjaya','male','erwrwe','werw','0713170873',1,1,'103.21.166.27','2014-10-29 01:45:01','2014-11-04 13:04:59'),(15,2,25,'arunidun','9e9d0c98d1f34585a146ad5bde68f217','317f027a9c1be559fac61904e327c9da','arunamalidunukara@gmail.com','miss','aruni','dunukara','female','werwwerw','rwerwt','12114',1,1,'103.21.166.1','2014-10-29 04:14:24','2014-10-29 04:14:24'),(16,2,17,'arunidunukara','902e83ddee7ef69b86a839b29aadf752','9ccbdd40abbf5b28d0e355584d3c030f','dinushkachathuranga@gmail.com','miss','Aruni','Dunukara','female','colombo','colombo','0725630011',1,1,'61.245.173.175','2014-11-02 22:57:36','2014-11-02 22:57:36'),(17,6,7,'aisha2009','8da4350454d347700377267a8fab8795','cc367d64582729d386c1dbbe16f9401d','kdaishaniedited@gmail.com','mr','akila','ishani','male','Horana','moh','0123456789',0,1,'61.245.173.248','2014-11-02 23:19:27','2014-11-04 13:02:34'),(18,6,8,'jegas2009','2053f57841464e8ff27f635fc74c083f','3ac172eb467a0d22441676c1051e988b','jegatheepan90@gmail.com','mr','Jega','Jega','male','colombo','moh','0112344455',1,1,'61.245.173.248','2014-11-02 23:24:14','2014-11-02 23:24:14'),(19,2,0,'Chalanidunukara','861f5ff3b4ca178202ba41993bfd2e35','92736a5c9510dbad6b7c79a3f1999c64','chalani@gmail.com','','Chalani','Dunukara','','','','',1,1,NULL,'2014-11-03 01:28:45','2014-11-03 01:28:45'),(21,4,8,'yufdsaet','134cfbda698fbbcbf8432f3006d7e974','f44061bc2dda4f0b1c16cd5cef4337c7','khprabodha@gmail.com','mr','jhjhbvedhg','duisguyagdfu','male','rh54tujy6tk','yyyyyyyyyytit','ershytujty',0,1,'203.94.76.61','2014-11-03 05:08:52','2014-11-03 05:08:52'),(22,3,8,'jgfsdhfg','6ff03d4c5bfbd01657055d97ae4c059d','71713521f874fb8a1346a4262813d05f','niroshanikkc@gmail.com','miss','fmsdjbgjferyig','dfnuytsre','female','rydc mhrfdu','ygo ,7t8ol7t','ur6tjdugytgf',1,1,'203.94.76.61','2014-11-03 05:18:24','2014-11-03 05:18:24'),(23,2,39,'IHaisha','05227f650f1fecfc17ce2ccc33ce2f5f','2c40de1500b3d89f0f2c2a2ad94230dc','kdakilaishani@gmail.com','miss','AKILA','Isha','female','colombo','uom','199',1,1,'112.134.40.76','2014-11-04 13:05:12','2014-11-04 13:05:12'),(24,2,31,'aaaaaa','41475cfb3a0ec6df2088fecd068e6ffa','496f8c9a73faf1de587f9b76ef8ce5b7','aaaaaa@gmail.com','mr','aaa','aaa','male','vbxcvczb','fsgssssd','444234',1,1,'203.94.76.61','2014-11-06 23:59:13','2014-11-06 23:59:13'),(25,3,25,'bbbbbb','1921b18339fb7c1c21653d40dc3e4c24','de0163541f2fca51786381782b597844','bbbbbb@gmail.com','mr','bbb','bbb','female','dewqrttttrwr','wt45yht','gtjhesatssty',1,1,'203.94.76.61','2014-11-07 00:09:35','2014-11-07 00:09:35'),(26,2,6,'Chalanudunukara','5a94ebfaddc4056a65ee08a6438c1c9a','e6dc9ca692bee425ee122222be5b53a9','chalanirashanthi@gmail.com','miss','Chalani','Rashanthi','female','Colombo','moh','071234567',0,1,'61.245.163.82','2014-11-16 04:41:00','2014-11-16 04:41:00'),(27,6,0,'shiromiperera','482636b2ae179a7aae401d0f25a059a0','de4645158afa97ba66c7f3c73a44e4cc','cbsiperera@yahoo.com','','Shiromi','Perera','','','','',1,1,NULL,'2014-12-03 02:01:36','2014-12-03 02:01:36'),(28,6,0,'amuthukude','24bbdd4142dd41d032325032d186d88b','3fddb23f6abe6ebba03381b30ed10957','amuthukude@yahoo.com','','a','muthukude','','','','',1,1,NULL,'2014-12-03 02:04:36','2014-12-03 02:04:36');
/*!40000 ALTER TABLE `users` ENABLE KEYS */;
UNLOCK TABLES;

--
-- Table structure for table `votes`
--

DROP TABLE IF EXISTS `votes`;
/*!40101 SET @saved_cs_client     = @@character_set_client */;
/*!40101 SET character_set_client = utf8 */;
CREATE TABLE `votes` (
  `id` int(10) NOT NULL AUTO_INCREMENT,
  `year` varchar(4) NOT NULL,
  `vote_no` varchar(100) NOT NULL,
  `head` varchar(5) NOT NULL,
  `program` varchar(5) NOT NULL,
  `project` varchar(5) NOT NULL,
  `sub_project` varchar(5) NOT NULL,
  `object_code` varchar(5) NOT NULL,
  `item` varchar(5) NOT NULL,
  `funding_source` varchar(5) NOT NULL,
  `description` varchar(100) DEFAULT NULL,
  `estimate` double NOT NULL,
  `suppliment_fr` double DEFAULT NULL,
  `net_provision` double DEFAULT NULL,
  `commitments` double NOT NULL,
  `reallocations` double NOT NULL,
  `remaining_amount` double NOT NULL,
  `created` datetime NOT NULL,
  `modified` datetime NOT NULL,
  `user_id` int(10) NOT NULL,
  PRIMARY KEY (`id`),
  UNIQUE KEY `id_2` (`id`),
  KEY `id` (`id`),
  KEY `vote_no` (`vote_no`)
) ENGINE=InnoDB AUTO_INCREMENT=115 DEFAULT CHARSET=latin1;
/*!40101 SET character_set_client = @saved_cs_client */;

--
-- Dumping data for table `votes`
--

LOCK TABLES `votes` WRITE;
/*!40000 ALTER TABLE `votes` DISABLE KEYS */;
INSERT INTO `votes` (`id`, `year`, `vote_no`, `head`, `program`, `project`, `sub_project`, `object_code`, `item`, `funding_source`, `description`, `estimate`, `suppliment_fr`, `net_provision`, `commitments`, `reallocations`, `remaining_amount`, `created`, `modified`, `user_id`) VALUES (2,'2014','111-02-16-1-2001-(11)','111','02','16','1','2001','','11','Bulding and construction',5916500,100,5916600,9000,600,5916600,'2014-08-27 08:55:22','2014-11-07 01:48:31',2),(3,'2014','111-02-13-1-2003-(11)','111','02','13','1','2003','','11','Machinary updated',5896000,NULL,5896000,500,6000,5896000,'2014-08-27 08:57:25','2014-09-22 06:22:18',2),(4,'2014','111-02-13-1-2002-01(11)','111','02','13','1','2002','01','11','Service agreements(Supply)',570000,NULL,570000,0,0,570000,'2014-08-27 09:03:57','2014-09-02 05:43:37',2),(5,'2014','111-02-13-1-2002-02(11)','111','02','13','1','2002','02','11','Service agreements(Bio medical Tools)',1500000,NULL,1500000,0,1000,1500000,'2014-08-27 09:06:30','2014-09-02 05:44:48',2),(6,'2014','111-02-14-1-2002-03(11)','111','02','14','1','2002','03','11','Dental sergen services',10500,NULL,10500,920000,0,10500,'2014-08-27 09:07:56','2014-09-22 06:14:36',2),(7,'2014','111-02-13-1-2003-(11)','111','02','13','1','2003','','11','Vehical',83000,NULL,83000,0,0,83000,'2014-08-27 09:09:25','2014-09-02 05:45:08',2),(8,'2014','111-02-13-1-2031-(11)','111','02','13','1','2031','','11','test',2000,NULL,2000,0,0,2000,'2014-08-28 07:21:14','2014-09-22 02:14:26',2),(9,'2014','111-01-11-23-12-1(13)','111','01','11','23','12','1','13','rwerwe',4444899,NULL,4444899,0,0,4444899,'2014-09-01 11:08:59','2014-09-01 11:08:59',2),(10,'2014','111-01-11-2-2-2(13)','111','01','11','2','2','2','13','rewew',2442,NULL,2442,0,0,2442,'2014-09-22 02:08:53','2014-09-22 02:08:53',1),(11,'2014','111-01-11-02-14-1(11)','111','01','11','02','14','1','11','test ',799000,NULL,799000,0,0,799000,'2014-09-23 06:02:12','2014-10-22 08:20:34',1),(12,'2014','111-02-14-1-2502-01(13)','111','02','14','1','2502','01','13','FA Grant(WHO)',7040000,NULL,7040000,0,0,7040000,'2014-10-22 03:47:22','2014-10-22 08:20:22',1),(13,'2014','111-02-14-1-2502-02(13)','111','02','14','1','2502','02','13','FA Grant(UNICEF)',2000000,NULL,2000000,0,0,2000000,'2014-10-22 03:50:14','2014-10-22 08:20:08',1),(14,'2014','111-02-14-1-2502-()','111','02','14','1','2502','','','Invesments',32540000,NULL,32540000,0,0,32540000,'2014-10-22 03:51:28','2014-10-22 08:19:52',1),(15,'2014','111-02-15-1-2502-07(13)','111','02','15','1','2502','07','13','Rota Virus(ROTO)',1800000,NULL,1800000,0,0,1800000,'2014-10-22 03:53:22','2014-10-22 08:19:24',1),(16,'2014','111-02-14-1-2502-12(13)','111','02','14','1','2502','12','13','Avian/Pandamic Influenza(CDC Atlanta USA)',20000000,NULL,20000000,0,0,20000000,'2014-10-22 06:23:30','2014-10-22 08:19:10',1),(17,'2014','111-02-14-1-2502-13(13)','111','02','14','1','2502','13','13','Invasive Bacterial Desease Serveillance',1700000,NULL,1700000,0,0,1700000,'2014-10-22 06:25:14','2014-10-22 08:18:52',1),(18,'2014','111-02-14-3-2502-(13)','111','02','14','3','2502','','13','Anti Malaria Campaign',10000000,NULL,10000000,0,0,10000000,'2014-10-22 06:29:40','2014-10-22 08:18:30',1),(19,'2014','111-02-14-4-2102-(13)','111','02','14','4','2102','','13','Famili Health Bureau- Furniture and office equipments',3500000,NULL,3500000,0,0,3500000,'2014-10-22 06:31:40','2014-10-22 08:18:16',1),(20,'2014','111-02-14-4-2103-(13)','111','02','14','4','2103','','13','Plant, Machinary and Equipment',9000000,NULL,9000000,0,0,9000000,'2014-10-22 06:39:25','2014-10-22 08:17:37',1),(21,'2014','111-02-14-4-2401-(13)','111','02','14','4','2401','','13','Staff Training',3000000,NULL,3000000,0,0,3000000,'2014-10-22 06:40:33','2014-10-22 08:17:10',1),(22,'2014','111-02-14-4-2502-01(13)','111','02','14','4','2502','01','13','Salaries and wages(FAG-UNFPA)',490000,NULL,490000,0,0,490000,'2014-10-22 06:41:40','2014-10-22 08:16:56',1),(23,'2014','111-02-14-4-2502-03(13)','111','02','14','4','2502','03','13','Stationary and office Requisities(FAG-UNFAP)',720000,NULL,720000,0,0,720000,'2014-10-22 06:47:30','2014-10-22 08:16:42',1),(24,'2014','111-02-14-4-2502-04(13)','111','02','14','4','2502','04','13','Stationary and office Requisities(FAG-WHO)',710000,NULL,710000,0,0,710000,'2014-10-22 06:49:11','2014-10-22 08:15:11',1),(25,'2014','111-02-14-4-2502-05(13)','111','02','14','4','2502','05','13','Stationary and office Requisities(FAG-UNICEF)',400000,NULL,400000,0,0,400000,'2014-10-22 06:50:01','2014-10-22 08:14:59',1),(26,'2014','111-02-14-4-2502-06(13)','111','02','14','4','2502','06','13','Fuel and lubricant(FAG-UNFPA)',500000,NULL,500000,0,0,500000,'2014-10-22 07:44:32','2014-10-22 08:14:49',1),(27,'2014','111-02-14-4-2502-07(13)','111','02','14','4','2502','07','13','Fuel and lubricant(FAG-UNICEF)',400000,NULL,400000,0,0,400000,'2014-10-22 07:45:39','2014-10-22 08:14:35',1),(28,'2014','111-02-14-4-2502-08(13)','111','02','14','4','2502','08','13','Other supplies(FAG-UNFPA)',3700000,NULL,3700000,0,0,3700000,'2014-10-22 07:47:02','2014-10-22 08:14:20',1),(29,'2014','111-02-14-4-2502-12(13)','111','02','14','4','2502','12','13','Other Maintenance(FAG-UNFPA)',1800000,NULL,1800000,0,0,1800000,'2014-10-22 07:48:36','2014-10-22 08:13:32',1),(30,'2014','111-02-14-4-2502-13(13)','111','02','14','4','2502','13','13','Postal Charges(UNF-UNFPA)',100000,NULL,100000,0,0,100000,'2014-10-22 07:50:24','2014-10-22 08:13:06',1),(31,'2014','111-02-14-4-2502-14(13)','111','02','14','4','2502','14','13','Other Contractual services(FAG-UNFPA)',8750000,NULL,8750000,0,0,8750000,'2014-10-22 07:51:51','2014-10-22 08:12:44',1),(32,'2014','111-02-14-4-2502-15(13)','111','02','14','4','2502','15','13','Other Contractual services(FAG-WHO)',11600000,NULL,11600000,0,0,11600000,'2014-10-22 07:53:22','2014-10-22 08:12:20',1),(33,'2014','111-02-14-4-2502-17(13)','111','02','14','4','2502','17','13','Other Contractual services(FAG-UNICEF)',5200000,NULL,5200000,0,0,5200000,'2014-10-22 07:54:18','2014-10-22 08:11:49',1),(34,'2014','111-02-14-4-2502-20(13)','111','02','14','4','2502','20','13','Improvement of Maternal and Child Health Unit(SAARC Fund)',1500000,NULL,1500000,0,0,1500000,'2014-10-22 07:56:14','2014-10-22 08:11:28',1),(35,'2014','111-02-14-5-2001-()','111','02','14','5','2001','','','Building and Structures',10000000,NULL,10000000,0,0,10000000,'2014-10-22 08:00:23','2014-10-22 08:11:07',1),(36,'2014','111-02-14-5-2001-01()','111','02','14','5','2001','01','','Anti Malaria',10000000,NULL,10000000,0,0,10000000,'2014-10-22 08:02:12','2014-10-22 08:10:46',1),(37,'2014','111-02-14-5-2003-()','111','02','14','5','2003','','','Vehicals',4000000,NULL,4000000,0,0,4000000,'2014-10-22 08:03:45','2014-10-22 08:10:05',1),(38,'2014','111-02-14-5-2101-()','111','02','14','5','2101','','','Vehicals',15000000,NULL,15000000,0,0,15000000,'2014-10-22 08:04:32','2014-10-22 08:07:40',1),(39,'2014','111-02-14-5-2101-01()','111','02','14','5','2101','01','','Lorry for FHB-(Rs 5 Mn each)',5000000,NULL,5000000,0,0,5000000,'2014-10-22 08:06:54','2014-10-22 08:06:54',1),(40,'2014','111-02-14-5-2101-03()','111','02','14','5','2101','03','','50 Motor Cycles (Rs 0.2 Mn each)',10000000,NULL,10000000,0,0,10000000,'2014-10-22 08:24:58','2014-10-22 08:24:58',1),(41,'2014','111-02-14-5-2102-()','111','02','14','5','2102','','','Furniture and Office Equipment',7000000,NULL,7000000,0,0,7000000,'2014-10-22 08:26:13','2014-10-22 08:26:13',1),(42,'2014','111-02-14-5-2401-()','111','02','14','5','2401','','','Staff Training',600000,NULL,600000,0,0,600000,'2014-10-22 08:27:43','2014-10-22 08:27:43',1),(43,'2014','111-02-14-5-24-01()','111','02','14','5','24','01','','Books and Jurnals',600000,NULL,600000,0,0,600000,'2014-10-22 08:28:53','2014-10-22 08:28:53',1),(44,'2014','111-02-14-5-2502-01(13)','111','02','14','5','2502','01','13','Other Recurrent Expences(FAG-WHO)',7000000,NULL,7000000,0,0,7000000,'2014-10-22 08:31:01','2014-10-22 08:31:01',1),(45,'2014','111-02-14-5-25-02(13)','111','02','14','5','25','02','13','Other Recurrent Expences(FAG-UNICEF)',7000000,NULL,7000000,0,0,7000000,'2014-10-22 08:32:03','2014-10-22 08:32:03',1),(46,'2014','111-02-14-5-2502-05(13)','111','02','14','5','2502','05','13','Other Recurrent Expences(FAG-UNFPA)',5000000,NULL,5000000,0,0,5000000,'2014-10-22 08:32:59','2014-10-22 08:33:23',1),(47,'2014','111-02-14-6-2502-01(14)','111','02','14','6','2502','01','14','National Dengue Control-Dengue Control Activities',350000000,NULL,350000000,0,0,350000000,'2014-10-22 08:39:11','2014-10-22 11:15:38',1),(48,'2014','111-02-14-6-2502-02(12)','111','02','14','6','2502','02','12','National Dengue Control-GOSL-World Bank',50000000,NULL,50000000,0,0,50000000,'2014-10-22 08:40:23','2014-10-22 11:16:07',1),(49,'2014','111-02-14-7-2401-()','111','02','14','7','2401','','','Rabies controll Programme- Staff Training',5000000,NULL,5000000,0,0,5000000,'2014-10-22 08:42:22','2014-10-22 11:13:15',1),(50,'2014','111-02-14-7-2502-()','111','02','14','7','2502','','','Rabies controll Programme- Invesments',125000000,NULL,1250000000,0,0,1250000000,'2014-10-22 08:43:35','2014-10-22 11:13:26',1),(51,'2014','111-02-14-8-2502-()','111','02','14','8','2502','','','National Cancer Control Programe-Invesment',11300000,NULL,11300000,0,0,11300000,'2014-10-22 10:54:12','2014-10-22 11:13:34',1),(52,'2014','111-02-14-8-2502-01(12)','111','02','14','8','2502','01','12','National Cancer Control Programe-IGOSL-World bank',9300000,NULL,9300000,0,0,9300000,'2014-10-22 10:56:05','2014-10-22 11:13:42',1),(53,'2014','111-02-14-8-2502-02(13)','111','02','14','8','2502','02','13','National Cancer Control Programe-IGOSL-WHO',2000000,NULL,2000000,0,0,2000000,'2014-10-22 10:57:06','2014-10-22 11:17:24',1),(54,'2014','111-02-14-9-2502-()','111','02','14','9','2502','','','Kidn ey Disease Programme-Invesments',100000000,NULL,100000000,0,0,100000000,'2014-10-22 11:21:20','2014-10-22 11:21:20',1),(55,'2014','111-02-14-10.-2502-01(13)','111','02','14','10.','2502','01','13','Anti-Leprosy and Filariasis Campaign- Anti Filaria-WHOs',10000000,NULL,10000000,0,0,10000000,'2014-10-22 11:35:26','2014-10-22 11:35:26',1),(56,'2014','111-02-14-10-2502-02(13)','111','02','14','10','2502','02','13','Anti-Leprosy and Filariasis Campaign- Anti Filaria-Anty Leprosy Campaign',30000000,NULL,30000000,0,0,30000000,'2014-10-22 11:36:46','2014-10-22 11:36:46',1),(57,'2014','111-02-14-12-2502-(13)','111','02','14','12','2502','','13','Global Alliance for Vaccine Immunization(GAVI)-HSS-Invesments',150000000,NULL,150000000,0,0,150000000,'2014-10-22 11:41:43','2014-10-22 11:43:12',1),(58,'2014','111-02-14-12-2502-(17)','111','02','14','12','2502','','17','Global Alliance for Vaccine Immunization(GAVI)-HSS-Invesments',7000000,NULL,7000000,0,0,7000000,'2014-10-22 11:42:51','2014-10-22 11:42:51',1),(59,'2014','111-02-14-13-2401-()','111','02','14','13','2401','','','Health Education Bureaue-Staff Training',3000000,NULL,3000000,0,0,3000000,'2014-10-22 11:45:44','2014-10-22 11:45:44',1),(60,'2014','111-02-14-13-2502-01()','111','02','14','13','2502','01','','Health Education Bureaue-Invesments-Communication on current health issues- Production Materials',20000000,NULL,20000000,0,0,20000000,'2014-10-22 11:47:27','2014-10-22 11:47:27',1),(61,'2014','111-02-14-14-2502-01(12)','111','02','14','14','2502','01','12','Strengthening and Rehabilitation of Provincial Mental health- Invesment-GOSL-World Bank',2000000,NULL,20000000,0,0,20000000,'2014-10-22 11:50:28','2014-10-22 11:50:28',1),(62,'2014','111-02-14-14-2502-02(13)','111','02','14','14','2502','02','13','Strengthening and Rehabilitation of Provincial Mental health- Invesment-WHO',3000000,NULL,3000000,0,0,3000000,'2014-10-22 11:51:24','2014-10-22 11:51:24',1),(63,'2014','111-02-14-15-2401-()','111','02','14','15','2401','','','School Health Programme-Staff training',10000000,NULL,10000000,0,0,10000000,'2014-10-22 11:53:04','2014-10-22 11:53:04',1),(64,'2014','111-02-14-17-2502-()','111','02','14','17','2502','','','Leptospirosis Controlling',5000000,NULL,5000000,0,0,5000000,'2014-10-22 11:54:23','2014-10-22 11:54:23',1),(65,'2014','111-02-14-19-2502-()','111','02','14','19','2502','','','Children\'s action Plan-Invesments',20700000,NULL,20700000,0,0,20700000,'2014-10-22 11:55:32','2014-10-22 11:55:32',1),(66,'2014','111-02-14-20-2502-()','111','02','14','20','2502','','','Disaster Preparedness & Response Programme-Invesments',10000000,NULL,10000000,0,0,10000000,'2014-10-22 11:57:17','2014-10-22 11:57:17',1),(67,'2014','111-02-14-21-2401-01(13)','111','02','14','21','2401','01','13','National Cancer Control Programe-GOSL-WHO',3800000,NULL,3800000,0,0,3800000,'2014-10-22 11:58:49','2014-10-22 11:58:49',1),(68,'2014','111-02-14-21-2502-()','111','02','14','21','2502','','','National Cancer Control Programe-Invesments',25000000,NULL,25000000,0,0,25000000,'2014-10-22 12:00:54','2014-10-22 12:00:54',1),(69,'2014','111-02-14-21-2502-01(13)','111','02','14','21','2502','01','13','National Cancer Control Programe-Invesments-GOSL-WHO',1900000,NULL,1900000,0,0,1900000,'2014-10-22 12:01:52','2014-10-22 12:01:52',1),(70,'2014','111-02-14-23-2502-()','111','02','14','23','2502','','','Oral Health Promation & Flurosis Prevention-Invesments',15000000,NULL,15000000,0,0,15000000,'2014-10-22 12:04:34','2014-10-22 12:05:09',1),(71,'2014','111-02-14-22-2502-()','111','02','14','22','2502','','','GAVI-(NVS)-co-Financing-Invesments',295000000,NULL,295000000,0,0,295000000,'2014-10-22 12:06:43','2014-10-22 12:06:43',1),(72,'2014','111-02-14-22-2502-()','111','02','14','22','2502','','','GAVI-(NVS)-co-Financing-Invesments',295000000,NULL,295000000,0,0,295000000,'2014-10-22 12:06:45','2014-10-22 12:06:45',1),(73,'2014','111-02-14-25-2502-(14)','111','02','14','25','2502','','14','Programme for Strengthening primary level Health care-Invesment',210000000,NULL,210000000,0,0,210000000,'2014-10-22 12:27:53','2014-10-22 12:27:53',1),(74,'2014','111-02-14-25-2502-01(12)','111','02','14','25','2502','01','12','Programme for Strengthening primary level Health care-Laboratory Services Required for Improvement (',90000000,NULL,90000000,0,0,90000000,'2014-10-22 12:29:41','2014-10-22 12:31:19',1),(75,'2014','111-02-14-26-2502-(13)','111','02','14','26','2502','','13','Reproductive Health Programme(UNFPA)-Invesment',30000000,NULL,30000000,0,0,30000000,'2014-10-22 12:33:02','2014-10-22 12:33:02',1),(76,'2014','111-02-14-27-2401-()','111','02','14','27','2401','','','Youth,Elderly Disable Displaced Person-Staff Training',1050000,NULL,1050000,0,0,1050000,'2014-10-22 12:37:27','2014-10-22 12:42:21',1),(77,'2014','111-02-14-27-2502-01(13)','111','02','14','27','2502','01','13','Youth,Elderly Disable Displaced Person-Invesment-World bank',3700000,NULL,3700000,0,0,3700000,'2014-10-22 12:43:16','2014-10-22 12:43:16',1),(78,'2014','111-02-14-27-2502-02(13)','111','02','14','27','2502','02','13','Youth,Elderly Disable Displaced Person-Invesments-UNFPA',1200000,NULL,1200000,0,0,1200000,'2014-10-22 12:44:24','2014-10-22 12:44:24',1),(79,'2014','111-02-14-27-2502-()','111','02','14','27','2502','','','Youth,Elderly Disable Displaced Person-Invesments',500000,NULL,500000,0,0,500000,'2014-10-22 12:45:27','2014-10-22 12:46:39',1),(80,'2014','111-02-14-27-2502-01(13)','111','02','14','27','2502','01','13','Youth,Elderly Disable Displaced Person-Invesments-World bank',750000,NULL,750000,0,0,750000,'2014-10-22 12:46:30','2014-10-22 12:46:30',1),(81,'2014','111-02-14-28-2502-(12)','111','02','14','28','2502','','12','Screening New Borns for Congenital Hypothyroidism-Invesment',10000000,NULL,10000000,0,0,10000000,'2014-10-22 12:49:34','2014-10-22 12:49:34',1),(82,'2014','111-02-15-5-2502-(13)','111','02','15','5','2502','','13','Globle Funds to Fight Against Aids,Tuberculosis and Malaria(GFATM)-Invesments',660000000,NULL,660000000,0,0,660000000,'2014-10-22 12:52:36','2014-10-22 12:52:36',1),(83,'2014','111-02-15-5-2502-(17)','111','02','15','5','2502','','17','Globle Funds to Fight Against Aids,Tuberculosis and Malaria(GFATM)-Invesments',75000000,NULL,75000000,0,0,75000000,'2014-10-22 12:53:27','2014-10-22 12:53:27',1),(84,'2014','111-02-15-6-2502-(12)','111','02','15','6','2502','','12','New Innovation & Other Task under Healt sector Development Project II(GOSL-World Bank)-Invesment',200000000,NULL,200000000,0,0,200000000,'2014-10-22 12:56:32','2014-10-22 12:56:32',1),(85,'2014','111-02-15-9-2502-()','111','02','15','9','2502','','','Improvement of Preventive Health services in East Sector-Invesments',50000000,NULL,50000000,0,0,50000000,'2014-10-22 12:58:30','2014-10-22 12:59:03',1),(86,'2014','111-02-15-11-2401-()','111','02','15','11','2401','','','Controll of non Communicable Disease-Staff Training',2000000,NULL,2000000,0,0,2000000,'2014-10-22 13:04:08','2014-10-22 13:04:08',1),(87,'2014','111-02-15-11-2502-()','111','02','15','11','2502','','','Controll of non Communicable Disease-Invesments',22175000,NULL,22175000,0,0,22175000,'2014-10-22 13:05:42','2014-10-22 13:05:42',1),(88,'2014','111-02-15-11-2502-01(12)','111','02','15','11','2502','01','12','Children\'s action Plan-Invesments-GOSL- World Bank',28000000,NULL,28000000,0,0,28000000,'2014-10-22 13:06:50','2014-10-22 13:06:50',1),(89,'2014','111-02-15-13-2502-01(13)','111','02','15','13','2502','01','13','National STD/AIDS control Programme-Invesments-WHO',2825000,NULL,2825000,0,0,2825000,'2014-10-22 13:08:38','2014-10-22 13:08:38',1),(90,'2014','111-02-15-13-2502-02(13)','111','02','15','13','2502','02','13','National STD/AIDS control Programme-Invesments-UNFPA',4500000,NULL,4500000,0,0,4500000,'2014-10-22 13:10:18','2014-10-22 13:10:18',1),(91,'2014','111-02-15-13-2502-03(12)','111','02','15','13','2502','03','12','National STD/AIDS control Programme-Invesments-Prevention of mother and child Transmission of HIV(GO',20000000,NULL,20000000,0,0,20000000,'2014-10-22 13:12:16','2014-10-22 13:12:16',1),(92,'2014','111-02-15-14-2502-(13)','111','02','15','14','2502','','13','Supported Programme-Invesments-(UNICEF)',6250000,NULL,6250000,0,0,6250000,'2014-10-22 13:14:36','2014-10-22 13:14:36',1),(93,'2014','111-02-15-15-2502-01(12)','111','02','15','15','2502','01','12','Improvement of Case Detection Services through Central Chest Clinic and MOH management Hospitals-GOS',50000000,NULL,50000000,0,0,50000000,'2014-10-22 13:17:17','2014-10-22 13:17:17',1),(94,'2013','111-01-13-01-2001-1(11)','111','01','13','01','2001','1','11','test 1',9000,250,9250,0,0,9250,'2014-11-02 01:56:38','2014-11-02 02:05:55',1),(95,'2013','111-01-13-01-2001-2(11)','111','01','13','01','2001','2','11','test 2',9000,NULL,9000,0,0,9000,'2014-11-02 01:00:05','2014-11-02 01:00:05',1),(96,'2013','111-01-12-01-2011-3(11)','111','01','12','01','2011','3','11','test 3',4000,NULL,4000,0,0,4000,'2014-11-02 01:21:08','2014-11-02 01:21:08',1),(97,'2013','111-01-11-01-2011-5(13)','111','01','11','01','2011','5','13','test 4',8000,NULL,8000,0,0,8000,'2014-11-02 02:15:19','2014-11-02 02:15:19',1),(98,'2013','111-02-13-1-23-1(13)','111','02','13','1','23','1','13','34tyuieADFUV 4YUYIYF QAESRDTY wdf   eyu',34567,NULL,34567,0,0,34567,'2014-11-03 04:12:17','2014-11-03 04:12:17',1),(100,'2015','111-01-11-8-2001-(11)','111','01','11','8','2001','','11','Buildings  and Structure',75000000,NULL,75000000,102703,0,14228000000,'2015-05-27 00:47:45','2015-06-23 00:43:14',1),(101,'2015','111-01-13-8-2002-(11)','111','01','13','8','2002','','11','Plant Machinery And Equipment',72902000000,NULL,72902000000,6000000,0,72902000000,'2015-05-27 00:49:58','2015-05-27 00:49:58',1),(102,'2015','111-01-13-8-2002-(11)','111','01','13','8','2002','','11','Plant Machinery And Equipment',72902000000,NULL,72902000000,25062999,0,72902000000,'2015-05-27 00:50:00','2015-05-27 00:50:00',1),(103,'2015','111-01-13-8-2003-(11)','111','01','13','8','2003','','11','Vehicle\r\n',29000000,NULL,29000000,57200000,0,29000000,'2015-05-27 00:51:53','2015-05-27 00:51:53',1),(104,'2015','111-01-13-8-2003-(11)','111','01','13','8','2003','','11','Vehicle\r\n',29000000,NULL,29000000,5800000,0,29000000,'2015-05-27 00:51:54','2015-05-27 00:51:54',1),(105,'2015','111-01-11-8-8-2102(11)','111','01','11','8','8','2102','11','Furniture\'s and office Equipment',41000000,NULL,41000000,2510499,0,41000000,'2015-05-27 00:53:43','2015-05-27 00:53:43',1),(106,'2015','111-01-11-2-2-1002(11)','111','01','11','2','2','1002','11','ot',23222,NULL,23222,103,0,23222,'2015-05-28 05:05:57','2015-05-28 05:05:57',1),(107,'2015','111-01-12-non-none-1002(11)','111','01','12','non','none','1002','11','ot',25000,NULL,25000,5000,0,25000,'2015-05-28 05:11:42','2015-05-28 05:11:42',1),(108,'2015','111-01-11-0-1-1001(11)','111','01','11','0','1','1001','11','salary',2500000,NULL,2500000,104,0,2500000,'2015-06-08 05:37:19','2015-06-08 05:37:19',1),(109,'2015','111-01-14-1-1-1001(12)','111','01','14','1','1','1001','12','nknh',25000,NULL,25000,0,0,25000,'2015-06-11 01:48:07','2015-06-11 01:48:07',1),(111,'2015','111-01-11-1-1-1003(11)','111','01','11','1','1','1003','11','Other Allowances',5000000,250000,5250000,75000,0,5250000,'2015-06-15 23:30:29','2015-06-15 23:35:00',1),(112,'2015','111-02-15-2-2-1001(11)','111','02','15','2','2','1001','11','ljollo',2500000,NULL,2500000,0,0,2500000,'2015-06-23 00:41:57','2015-06-23 00:41:57',1),(113,'2015','111-01-13-1-1-2005(11)','111','01','13','1','1','2005','11','jjkkkkkk',85000000,NULL,85000000,3000000,0,85000000,'2015-07-01 23:24:14','2015-07-01 23:24:14',1),(114,'2015','111-01-13-1-2001-(14)','111','01','13','1','2001','','14','jjjjj\';\'p\'p\'p',25000,NULL,25000,0,0,25000,'2015-08-04 00:26:59','2015-08-04 00:26:59',1);
/*!40000 ALTER TABLE `votes` ENABLE KEYS */;
UNLOCK TABLES;

--
-- Table structure for table `vouchers`
--

DROP TABLE IF EXISTS `vouchers`;
/*!40101 SET @saved_cs_client     = @@character_set_client */;
/*!40101 SET character_set_client = utf8 */;
CREATE TABLE `vouchers` (
  `id` int(10) NOT NULL AUTO_INCREMENT,
  `ref_no` int(10) NOT NULL,
  `voucher_no` int(10) DEFAULT NULL,
  `advance` tinyint(1) NOT NULL,
  `advance_ref_no` int(10) DEFAULT NULL,
  `station` varchar(30) NOT NULL,
  `debit_perticulars` varchar(200) NOT NULL,
  `payable_to` varchar(100) NOT NULL,
  `cheque_no` varchar(30) NOT NULL,
  `issued_date` date NOT NULL,
  `description` varchar(200) DEFAULT NULL,
  `rate` varchar(20) NOT NULL,
  `amount` double NOT NULL,
  `outstanding` double NOT NULL,
  `paid_amount` double NOT NULL,
  `created` datetime NOT NULL,
  `payment_status` varchar(50) NOT NULL,
  `modified` datetime NOT NULL,
  `paid` datetime NOT NULL,
  `vote_id` int(10) NOT NULL,
  `user_role_id` int(10) NOT NULL,
  `user_id` int(10) NOT NULL,
  PRIMARY KEY (`id`),
  UNIQUE KEY `voucher_no` (`voucher_no`)
) ENGINE=InnoDB AUTO_INCREMENT=106 DEFAULT CHARSET=latin1;
/*!40101 SET character_set_client = @saved_cs_client */;

--
-- Dumping data for table `vouchers`
--

LOCK TABLES `vouchers` WRITE;
/*!40000 ALTER TABLE `vouchers` DISABLE KEYS */;
INSERT INTO `vouchers` (`id`, `ref_no`, `voucher_no`, `advance`, `advance_ref_no`, `station`, `debit_perticulars`, `payable_to`, `cheque_no`, `issued_date`, `description`, `rate`, `amount`, `outstanding`, `paid_amount`, `created`, `payment_status`, `modified`, `paid`, `vote_id`, `user_role_id`, `user_id`) VALUES (56,1415943791,NULL,0,NULL,'ministry of health','2','wetyu6i7o8p9','','2014-11-14','test ','5000',5000,5000,0,'2014-11-14 00:43:11','not paid','2014-11-14 00:43:11','0000-00-00 00:00:00',0,39,23),(57,1415943843,NULL,1,NULL,'jt8p9890','2','wer7t8908o','','2014-11-14','ertyiopjhgf','4000',4000,4000,0,'2014-11-14 00:44:03','not paid','2014-11-14 00:44:03','0000-00-00 00:00:00',0,39,23),(58,1416346632,NULL,0,NULL,'ministry of Health','6','Axer Pvt Ltd','','2014-11-08','Construction of District Hospital - Gampola','920000',920000,920000,0,'2014-11-18 16:37:12','not paid','2014-11-18 16:37:12','0000-00-00 00:00:00',0,0,1),(59,1432703070,65,0,NULL,'MOH','99','CECB','2525522','2015-04-20','Construction','25',25000,2497500,2500,'2015-05-27 01:04:30','paid','2015-06-08 05:03:35','2015-05-28 05:24:32',0,0,1),(60,1432703072,52,0,NULL,'MOH','99','CECB','5855555','2015-06-20','Construction','25',2500000,-1000000,3500000,'2015-05-27 01:04:32','paid','2015-06-08 05:28:46','2015-06-08 05:28:46',0,0,1),(61,1432703104,61,0,NULL,'MOH','99','CECB','355421','2015-05-27','Construction','1',2500000,2500000,0,'2015-05-27 01:05:04','paid','2015-05-27 01:16:30','2015-05-27 01:16:30',0,0,1),(62,1432703130,34,0,NULL,'MOH','101','CECB','','2015-04-20','Construction','1',2500000,2500000,0,'2015-05-27 01:05:30','not paid','2015-06-18 11:34:45','0000-00-00 00:00:00',0,0,1),(63,1432703142,NULL,0,NULL,'MOH','101','CECB','','2015-04-20','Construction','1',2500000,2500000,0,'2015-05-27 01:05:42','not paid','2015-05-27 01:05:42','0000-00-00 00:00:00',0,0,1),(64,1432703158,NULL,0,NULL,'MOH','105','CECB','','2015-04-20','Construction','1',2500000,2500000,0,'2015-05-27 01:05:58','not paid','2015-05-27 01:05:58','0000-00-00 00:00:00',0,0,1),(65,1432703173,NULL,0,NULL,'MOH','105','CECB','','2015-04-20','Construction','1',2500,2500,0,'2015-05-27 01:06:13','not paid','2015-05-27 01:06:13','0000-00-00 00:00:00',0,0,1),(66,1432703228,NULL,0,NULL,'MOH','105','CECB','','2015-04-20','Construction','1',2500,2500,0,'2015-05-27 01:07:08','not paid','2015-05-27 01:07:08','0000-00-00 00:00:00',0,0,1),(67,1432703383,NULL,0,NULL,'NHSL','101','Director','','2015-05-27','building renovation','100.00',1000000,1000000,0,'2015-05-27 01:09:43','not paid','2015-05-27 01:09:43','0000-00-00 00:00:00',0,0,1),(68,1432704029,NULL,1,NULL,'MOH','102','Malkanthi','','2015-05-27','Fuel','1',5000,5000,0,'2015-05-27 01:20:29','not paid','2015-05-27 01:20:29','0000-00-00 00:00:00',0,0,1),(69,1432804089,NULL,0,NULL,'moh','102','abc','','2015-05-28','ot','1',25000,25000,0,'2015-05-28 05:08:09','not paid','2015-05-28 05:08:09','0000-00-00 00:00:00',0,0,1),(70,1432804592,NULL,0,NULL,'moh','102','abc','','2015-03-28','ot','1',2500,2500,0,'2015-05-28 05:16:32','not paid','2015-05-28 05:16:32','0000-00-00 00:00:00',0,0,1),(71,1432805182,NULL,0,1415943843,'moh','2','abc','','2015-05-28','hh','1',2500,2500,0,'2015-05-28 05:26:22','not paid','2015-05-28 05:26:22','0000-00-00 00:00:00',0,0,1),(72,1433134756,NULL,0,NULL,'MOH','100','CECB Sri Lanka','','2015-06-01','BU','NUN',25000,25000,0,'2015-06-01 00:59:16','not paid','2015-06-01 00:59:16','0000-00-00 00:00:00',0,0,1),(73,1433134784,NULL,0,NULL,'MOH','100','CECB Sri Lanka','','2015-06-01','BU','1',25000,25000,0,'2015-06-01 00:59:44','not paid','2015-06-01 00:59:44','0000-00-00 00:00:00',0,0,1),(74,1433391906,NULL,0,NULL,'moh','100','ghhhh','','2015-05-04','ot','1',2500,2500,0,'2015-06-04 00:25:06','not paid','2015-06-04 00:25:06','0000-00-00 00:00:00',0,0,1),(75,1433391952,NULL,1,NULL,'hhh','105','hhhhh','','2015-06-04','hhhjj','1',2500,2500,0,'2015-06-04 00:25:52','not paid','2015-06-04 00:25:52','0000-00-00 00:00:00',0,0,1),(76,1433466528,NULL,0,NULL,'test','105','test','','2015-06-04','test','2999',2999,2999,0,'2015-06-04 21:08:48','not paid','2015-06-04 21:08:48','0000-00-00 00:00:00',0,0,1),(77,1433466568,NULL,0,NULL,'test','102','test','','2015-06-04','test','2999',2999,2999,0,'2015-06-04 21:09:28','not paid','2015-06-04 21:09:28','0000-00-00 00:00:00',0,0,1),(78,1433734254,NULL,1,NULL,'MOH','100','CECB','','2015-06-21','BUILDING','nun',25000,25000,0,'2015-06-07 23:30:54','not paid','2015-06-07 23:30:54','0000-00-00 00:00:00',0,0,1),(79,1433734330,NULL,0,NULL,'MOH','100','CECB','','2015-06-07','building','nun',25000,25000,0,'2015-06-07 23:32:10','not paid','2015-06-07 23:32:10','0000-00-00 00:00:00',0,0,1),(80,1433734770,NULL,0,NULL,'moh','102','hhhhh','','2015-06-07','mjmgm','1',2500,2500,0,'2015-06-07 23:39:30','not paid','2015-06-07 23:39:30','0000-00-00 00:00:00',0,0,1),(81,1433753732,NULL,0,NULL,'moh','102','director','','2015-06-08','building','none',25000000,25000000,0,'2015-06-08 04:55:32','not paid','2015-06-08 04:55:32','0000-00-00 00:00:00',0,0,1),(82,1433753805,NULL,1,NULL,'moh','103','ddg','','2015-06-08','sdsd','1',56700000,56700000,0,'2015-06-08 04:56:45','not paid','2015-06-08 04:56:45','0000-00-00 00:00:00',0,0,1),(83,1433753913,NULL,0,1415943843,'moh','2','jhgt','','2015-06-08','hhhrr','1',2500,2500,0,'2015-06-08 04:58:33','not paid','2015-06-08 04:58:33','0000-00-00 00:00:00',0,0,1),(84,1433754116,NULL,0,1432704029,'moh','102','hyyyy','','2015-06-08','kkjjj','1',25000,25000,0,'2015-06-08 05:01:56','not paid','2015-06-08 05:01:56','0000-00-00 00:00:00',0,0,1),(85,1434426044,NULL,0,NULL,'MOH','111','Nayana','','2015-06-15','Cost of living','1',25000,25000,0,'2015-06-15 23:40:44','not paid','2015-06-15 23:40:44','0000-00-00 00:00:00',0,0,1),(86,1434426058,NULL,0,NULL,'MOH','111','Nayana','','2015-06-15','Cost of living','1',25000,25000,0,'2015-06-15 23:40:58','not paid','2015-06-15 23:40:58','0000-00-00 00:00:00',0,0,1),(87,1434426083,NULL,0,NULL,'MOH','111','Nayana','','2015-06-15','Cost of living','1',25000,25000,0,'2015-06-15 23:41:23','not paid','2015-06-15 23:41:23','0000-00-00 00:00:00',0,0,1),(88,1434642033,NULL,0,NULL,'Moh','100','test','','2015-06-18','test','10',101,101,0,'2015-06-18 11:40:33','not paid','2015-06-18 11:40:33','0000-00-00 00:00:00',0,0,1),(89,1434642300,NULL,1,NULL,'Moh','100','test','','2015-06-18','test','10',102,102,0,'2015-06-18 11:45:00','not paid','2015-06-18 11:45:00','0000-00-00 00:00:00',0,0,1),(90,1434642372,NULL,0,1434642300,'Moh','100','test','','2015-06-18','test','10',103,103,0,'2015-06-18 11:46:12','not paid','2015-06-18 11:46:12','0000-00-00 00:00:00',0,0,1),(91,1434692547,NULL,0,NULL,'MOH','106','test2','','2015-06-19','test2','11',103,103,0,'2015-06-19 01:42:27','not paid','2015-06-19 01:42:27','0000-00-00 00:00:00',0,0,1),(92,1434692856,NULL,0,NULL,'MOH','108','test','','2015-06-19','test3','13',104,104,0,'2015-06-19 01:47:36','not paid','2015-06-19 01:47:36','0000-00-00 00:00:00',0,0,1),(93,1434693118,NULL,0,NULL,'MOH','3','test IH ','','2015-06-19','test ih','200',500,500,0,'2015-06-19 01:51:58','not paid','2015-06-19 01:51:58','0000-00-00 00:00:00',0,39,23),(94,1435034391,NULL,0,NULL,'MOH','107','jgjhkjhjky','','2015-06-23','Cost of living','',2500,2500,0,'2015-06-23 00:39:51','not paid','2015-06-23 00:39:51','0000-00-00 00:00:00',0,0,1),(95,1435034438,NULL,0,NULL,'MOH','107','jgjhkjhjky','','2015-06-23','Cost of living','1',2500,2500,0,'2015-06-23 00:40:38','not paid','2015-06-23 00:40:38','0000-00-00 00:00:00',0,0,1),(96,1435807624,NULL,0,NULL,'MOH','113','jkjhkjkljkllu','','2015-07-01','cpnstructon','',1000000,1000000,0,'2015-07-01 23:27:04','not paid','2015-07-01 23:27:04','0000-00-00 00:00:00',0,0,1),(97,1435807635,NULL,0,NULL,'MOH','113','jkjhkjkljkllu','','2015-07-01','cpnstructon','1',1000000,1000000,0,'2015-07-01 23:27:15','not paid','2015-07-01 23:27:15','0000-00-00 00:00:00',0,0,1),(98,1435807690,NULL,1,NULL,'MOH','113','ujujuuu','','2015-07-01','ollolll','',500000,500000,0,'2015-07-01 23:28:10','not paid','2015-07-01 23:28:10','0000-00-00 00:00:00',0,0,1),(99,1435807698,NULL,1,NULL,'MOH','113','ujujuuu','','2015-07-01','ollolll','1',500000,500000,0,'2015-07-01 23:28:18','not paid','2015-07-01 23:28:18','0000-00-00 00:00:00',0,0,1),(100,1436153507,NULL,1,NULL,'MOH','104','juhkhjkhjk','','2015-07-05','kikikkk','',2500000,2500000,0,'2015-07-05 23:31:47','not paid','2015-07-05 23:31:47','0000-00-00 00:00:00',0,0,1),(101,1436153515,NULL,1,NULL,'MOH','104','juhkhjkhjk','','2015-07-05','kikikkk','1',2500000,2500000,0,'2015-07-05 23:31:55','not paid','2015-07-05 23:31:55','0000-00-00 00:00:00',0,0,1),(102,1436849306,NULL,0,NULL,'MOH','102','bnnnbm','','2015-07-14','m,hjjm','',25000,25000,0,'2015-07-14 00:48:26','not paid','2015-07-14 00:48:26','0000-00-00 00:00:00',0,0,1),(103,1437539739,NULL,0,NULL,'MOH','103','ssssss','','2015-07-22','iiuuui','',250000,250000,0,'2015-07-22 00:35:39','not paid','2015-07-22 00:35:39','0000-00-00 00:00:00',0,0,1),(104,1438150809,NULL,0,NULL,'MOH','103','uuuuu','','2015-07-29','uuuuuu','1',250000,250000,0,'2015-07-29 02:20:09','not paid','2015-07-29 02:20:09','0000-00-00 00:00:00',0,0,1),(105,1438662282,NULL,0,NULL,'MOH','104','bnnnbm','','2015-08-04','m,hjjm','1',800000,800000,0,'2015-08-04 00:24:43','not paid','2015-08-04 00:24:43','0000-00-00 00:00:00',0,0,1);
/*!40000 ALTER TABLE `vouchers` ENABLE KEYS */;
UNLOCK TABLES;
/*!50003 SET @saved_cs_client      = @@character_set_client */ ;
/*!50003 SET @saved_cs_results     = @@character_set_results */ ;
/*!50003 SET @saved_col_connection = @@collation_connection */ ;
/*!50003 SET character_set_client  = utf8 */ ;
/*!50003 SET character_set_results = utf8 */ ;
/*!50003 SET collation_connection  = utf8_general_ci */ ;
/*!50003 SET @saved_sql_mode       = @@sql_mode */ ;
/*!50003 SET sql_mode              = 'NO_AUTO_VALUE_ON_ZERO' */ ;
DELIMITER ;;
/*!50003 CREATE*/ /*!50017 DEFINER=`cetsheal`@`localhost`*/ /*!50003 TRIGGER `cetsheal_cets`.`update_vote_amount` AFTER INSERT ON `cetsheal_cets`.`vouchers` FOR EACH ROW UPDATE `votes`
set `remaining_amount` = `net_provision`- NEW.amount
where `vote_no`= NEW.debit_perticulars */;;
DELIMITER ;
/*!50003 SET sql_mode              = @saved_sql_mode */ ;
/*!50003 SET character_set_client  = @saved_cs_client */ ;
/*!50003 SET character_set_results = @saved_cs_results */ ;
/*!50003 SET collation_connection  = @saved_col_connection */ ;

--
-- Dumping events for database 'cetsheal_cets'
--

--
-- Dumping routines for database 'cetsheal_cets'
--
/*!40103 SET TIME_ZONE=@OLD_TIME_ZONE */;

/*!40101 SET SQL_MODE=@OLD_SQL_MODE */;
/*!40014 SET FOREIGN_KEY_CHECKS=@OLD_FOREIGN_KEY_CHECKS */;
/*!40014 SET UNIQUE_CHECKS=@OLD_UNIQUE_CHECKS */;
/*!40101 SET CHARACTER_SET_CLIENT=@OLD_CHARACTER_SET_CLIENT */;
/*!40101 SET CHARACTER_SET_RESULTS=@OLD_CHARACTER_SET_RESULTS */;
/*!40101 SET COLLATION_CONNECTION=@OLD_COLLATION_CONNECTION */;
/*!40111 SET SQL_NOTES=@OLD_SQL_NOTES */;

-- Dump completed on 2015-08-07  9:51:51
